p_id,haptic_id,letter_id,trial_id,start_trial_time,curr_trial_time,total_trial_time,x_pos,y_pos,speed,acceleration,jerk,x_force,y_force
0,0,,0,1617570754208,1617570754582,374,28.040703,22.882587,0.0,0.0,0.0,0.3867287,0.025512116
0,0,,0,1617570754208,1617570754599,391,28.040598,22.880493,0.0,0.0,0.0,0.46235916,0.037409637
0,0,,0,1617570754208,1617570754607,399,28.042608,22.878942,0.0,0.0,0.0,0.45518,0.060759824
0,0,,0,1617570754208,1617570754614,406,28.044556,22.87597,0.0,0.0,0.0,0.5254019,0.09758079
0,0,,0,1617570754208,1617570754632,424,28.05175,22.86371,0.0,0.0,0.0,0.58988357,0.16684064
0,0,,0,1617570754208,1617570754657,449,28.06786,22.84124,0.0,0.0,0.0,0.84635365,0.17677449
0,0,,0,1617570754208,1617570754665,457,28.074028,22.834217,0.0,0.0,0.0,0.87222886,0.18762495
0,0,,0,1617570754208,1617570754673,465,28.08227,22.824139,0.0,0.0,0.0,0.99047846,0.20865014
0,0,,0,1617570754208,1617570754682,474,28.088991,22.814451,0.0,0.0,0.0,1.0210998,0.21353385
0,0,,0,1617570754208,1617570754689,481,28.095541,22.804941,0.0,0.0,0.0,1.0993042,0.21400706
0,0,,0,1617570754208,1617570754698,490,28.10265,22.793194,0.0,0.0,0.0,1.159572,0.23613831
0,0,,0,1617570754208,1617570754706,498,28.108704,22.78333,0.0,0.0,0.0,1.2302698,0.18709947
0,0,,0,1617570754208,1617570754715,507,28.11543,22.775126,0.0,0.0,0.0,1.3092043,0.19082141
0,0,,0,1617570754208,1617570754732,524,28.12934,22.750591,0.0,0.0,0.0,1.4543955,0.2544164
0,0,,0,1617570754208,1617570754739,531,28.135416,22.740686,0.0,0.0,0.0,1.5063434,0.2811747
0,0,,0,1617570754208,1617570754758,550,28.15044,22.709984,0.0,0.0,0.0,1.6811177,0.3043782
0,0,,0,1617570754208,1617570754765,557,28.156849,22.69805,0.0,0.0,0.0,1.7091553,0.30420253
0,0,,0,1617570754208,1617570754783,575,28.171667,22.664963,0.0,0.0,0.0,1.8339936,0.3270732
0,0,,0,1617570754208,1617570754791,583,28.178299,22.6473,0.0,0.0,0.0,1.8942661,0.38472325
0,0,,0,1617570754208,1617570754798,590,28.18317,22.633533,0.0,0.0,0.0,1.9553503,0.32692215
0,0,,0,1617570754208,1617570754807,599,28.187792,22.616306,0.0,0.0,0.0,1.9475989,0.3414447
0,0,,0,1617570754208,1617570754823,615,28.195736,22.584322,0.0,0.0,0.0,2.018299,0.3668231
0,0,,0,1617570754208,1617570754832,624,28.198372,22.56801,0.0,0.0,0.0,2.0659251,0.35200733
0,0,,0,1617570754208,1617570754841,633,28.203115,22.547815,0.0,0.0,0.0,2.0848236,0.38200092
0,0,,0,1617570754208,1617570754849,641,28.204792,22.533094,0.0,0.0,0.0,2.0990453,0.34856766
0,0,,0,1617570754208,1617570754857,649,28.20847,22.514597,0.0,0.0,0.0,2.157622,0.37783808
0,0,,0,1617570754208,1617570754866,658,28.210796,22.495234,0.0,0.0,0.0,2.1321416,0.38756597
0,0,,0,1617570754208,1617570754873,665,28.212238,22.48138,0.0,0.0,0.0,2.1434102,0.35646784
0,0,,0,1617570754208,1617570754882,674,28.212877,22.464155,0.0,0.0,0.0,2.1535141,0.36607185
0,0,,0,1617570754208,1617570754891,683,28.21346,22.444046,0.0,0.0,0.0,2.140445,0.39616913
0,0,,0,1617570754208,1617570754898,690,28.212122,22.42549,0.0,0.0,0.0,2.0864346,0.40778065
0,0,,0,1617570754208,1617570754907,699,28.209087,22.40658,0.0,0.0,0.0,2.0191672,0.41863728
0,0,,0,1617570754208,1617570754916,708,28.204575,22.384212,0.0,0.0,0.0,1.9663723,0.44364652
0,0,,0,1617570754208,1617570754924,716,28.200338,22.363434,0.0,0.0,0.0,1.8929838,0.4993988
0,0,,0,1617570754208,1617570754933,725,28.195223,22.340305,0.0,0.0,0.0,1.8533784,0.44719094
0,0,,0,1617570754208,1617570754940,732,28.189686,22.31969,0.0,0.0,0.0,1.792485,0.47643682
0,0,,0,1617570754208,1617570754948,740,28.18455,22.297775,0.0,0.0,0.0,1.757028,0.47538793
0,0,,0,1617570754208,1617570754957,749,28.178078,22.272932,0.0,0.0,0.0,1.6630728,0.4731239
0,0,,0,1617570754208,1617570754974,766,28.164654,22.22386,0.0,0.0,0.0,1.5242352,0.513332
0,0,,0,1617570754208,1617570754982,774,28.158537,22.20325,0.0,0.0,0.0,1.4114842,0.54767185
0,0,,0,1617570754208,1617570754991,783,28.149443,22.176908,0.0,0.0,0.0,1.3195487,0.5150096
0,0,,0,1617570754208,1617570754999,791,28.139359,22.150314,0.0,0.0,0.0,1.2238114,0.5306441
0,0,,0,1617570754208,1617570755007,799,28.131212,22.128878,0.0,0.0,0.0,1.1173613,0.5361202
0,0,,0,1617570754208,1617570755015,807,28.120918,22.104359,0.0,0.0,0.0,0.99390143,0.5348586
0,0,,0,1617570754208,1617570755032,824,28.092983,22.04743,0.0,0.0,0.0,0.6266538,0.59563375
0,0,,0,1617570754208,1617570755040,832,28.078985,22.021734,0.0,0.0,0.0,0.475333,0.59161514
0,0,,0,1617570754208,1617570755050,842,28.062832,21.99329,0.0,0.0,0.0,0.3278046,0.55451983
0,0,,0,1617570754208,1617570755057,849,28.047737,21.967875,0.0,0.0,0.0,0.16761538,0.5513603
0,0,,0,1617570754208,1617570755065,857,28.03438,21.945982,0.0,0.0,0.0,-3.6004186E-4,0.57620585
0,0,,0,1617570754208,1617570755074,866,28.016104,21.914877,0.0,0.0,0.0,-0.13854977,0.56189686
0,0,,0,1617570754208,1617570755082,874,28.003864,21.893461,0.0,0.0,0.0,-0.25601885,0.540996
0,0,,0,1617570754208,1617570755090,882,27.987879,21.866365,0.0,0.0,0.0,-0.42285362,0.5341952
0,0,,0,1617570754208,1617570755108,900,27.956469,21.815662,0.0,0.0,0.0,-0.77240455,0.55573434
0,0,,0,1617570754208,1617570755115,907,27.942429,21.794043,0.0,0.0,0.0,-0.9231112,0.5611833
0,0,,0,1617570754208,1617570755133,925,27.903591,21.736393,0.0,0.0,0.0,-1.3501339,0.5945878
0,0,,0,1617570754208,1617570755140,932,27.886448,21.709568,0.0,0.0,0.0,-1.4995562,0.6294816
0,0,,0,1617570754208,1617570755148,940,27.869532,21.68303,0.0,0.0,0.0,-1.652642,0.57734454
0,0,,0,1617570754208,1617570755157,949,27.852768,21.657145,1.0,1.0,1.0,-1.8043574,0.54629004
0,0,,0,1617570754208,1617570755166,958,27.8352,21.630169,1.0,1.0,1.0,-1.9831756,0.5402912
0,0,,0,1617570754208,1617570755173,965,27.819685,21.606709,1.0,1.0,1.0,-2.1250603,0.5147013
0,0,,0,1617570754208,1617570755191,983,27.790852,21.563234,1.0,1.0,1.0,-2.3722122,0.44428974
0,0,,0,1617570754208,1617570755199,991,27.777767,21.543827,1.0,1.0,1.0,-2.4950373,0.42790538
0,0,,0,1617570754208,1617570755207,999,27.766077,21.526457,1.0,1.0,1.0,-2.587403,0.3889758
0,0,,0,1617570754208,1617570755224,1016,27.740444,21.488985,1.0,1.0,1.0,-2.8086793,0.331876
0,0,,0,1617570754208,1617570755232,1024,27.73162,21.476135,1.0,1.0,1.0,-2.8982756,0.33038312
0,0,,0,1617570754208,1617570755241,1033,27.678173,21.39935,1.0,1.0,1.0,-3.2987382,0.18197757
0,0,,0,1617570754208,1617570755248,1040,27.646418,21.354315,1.0,1.0,1.0,-3.4963512,0.15977074
0,0,,0,1617570754208,1617570755257,1049,27.626581,21.315601,1.0,1.0,1.0,-3.4981866,0.11264987
0,0,,0,1617570754208,1617570755265,1057,27.627785,21.290047,1.0,1.0,1.0,-3.4935038,0.21314648
0,0,,0,1617570754208,1617570755274,1066,27.630695,21.280558,1.0,1.0,1.0,-3.4931376,0.21906641
0,0,,0,1617570754208,1617570755282,1074,27.632103,21.270348,1.0,1.0,1.0,-3.4944124,0.1976909
0,0,,0,1617570754208,1617570755300,1092,27.62945,21.213436,1.0,1.0,1.0,-3.4968374,0.14875606
0,0,,0,1617570754208,1617570755307,1099,27.622425,21.175863,1.0,1.0,1.0,-3.498286,0.109523445
0,0,,0,1617570754208,1617570755315,1107,27.620457,21.141224,1.0,1.0,1.0,-3.4973898,0.13514198
0,0,,0,1617570754208,1617570755334,1126,27.616356,21.068148,1.0,1.0,1.0,-3.498644,0.09740988
0,0,,0,1617570754208,1617570755349,1141,27.615335,21.024023,1.0,1.0,1.0,-3.4987092,0.09505415
0,0,,0,1617570754208,1617570755358,1150,27.616362,20.997149,1.0,1.0,1.0,-3.4991,0.07937558
0,0,,0,1617570754208,1617570755365,1157,27.617632,20.992609,1.0,1.0,1.0,-3.498694,0.095597334
0,0,,0,1617570754208,1617570755374,1166,27.619307,20.985806,1.0,1.0,1.0,-3.4958107,0.17119399
0,0,,0,1617570754208,1617570755383,1175,27.622301,20.976074,1.0,1.0,1.0,-3.4959247,0.1688527
0,0,,0,1617570754208,1617570755399,1191,27.628927,20.958773,1.0,1.0,1.0,-3.4926305,0.2270087
0,0,,0,1617570754208,1617570755408,1200,27.632992,20.94644,1.0,1.0,1.0,-3.4928305,0.22390793
0,0,,0,1617570754208,1617570755416,1208,27.638506,20.935968,1.0,1.0,1.0,-3.4909353,0.2517367
0,0,,0,1617570754208,1617570755423,1215,27.643888,20.924465,1.0,1.0,1.0,-3.4428346,0.29693165
0,0,,0,1617570754208,1617570755441,1233,27.656523,20.89605,1.0,1.0,1.0,-3.2928038,0.27486604
0,0,,0,1617570754208,1617570755449,1241,27.662724,20.884232,1.0,1.0,1.0,-3.2634034,0.27552238
0,0,,0,1617570754208,1617570755465,1257,27.671177,20.858929,1.0,1.0,1.0,-3.2347558,0.2727448
0,0,,0,1617570754208,1617570755474,1266,27.673866,20.847355,1.0,1.0,1.0,-3.168562,0.24052171
0,0,,0,1617570754208,1617570755482,1274,27.679462,20.835165,1.0,1.0,1.0,-3.1005259,0.23436469
0,0,,0,1617570754208,1617570755490,1282,27.68464,20.824621,1.0,1.0,1.0,-3.029058,0.2798628
0,0,,0,1617570754208,1617570755499,1291,27.691715,20.81076,1.0,1.0,1.0,-2.9233603,0.2910037
0,0,,0,1617570754208,1617570755516,1308,27.706173,20.7827,1.0,1.0,1.0,-2.7989523,0.32428312
0,0,,0,1617570754208,1617570755542,1334,27.732576,20.738894,1.0,1.0,1.0,-2.4916224,0.31017813
0,0,,0,1617570754208,1617570755549,1341,27.739634,20.727158,1.0,1.0,1.0,-2.4552336,0.31079835
0,0,,0,1617570754208,1617570755557,1349,27.748302,20.711197,1.0,1.0,1.0,-2.3565514,0.34415773
0,0,,0,1617570754208,1617570755566,1358,27.756523,20.69519,1.0,1.0,1.0,-2.2724578,0.2811202
0,0,,0,1617570754208,1617570755574,1366,27.764204,20.683537,1.0,1.0,1.0,-2.1826324,0.3244979
0,0,,0,1617570754208,1617570755582,1374,27.773,20.667751,1.0,1.0,1.0,-2.1069486,0.33693448
0,0,,0,1617570754208,1617570755591,1383,27.781677,20.650663,1.0,1.0,1.0,-2.0332727,0.34644887
0,0,,0,1617570754208,1617570755608,1400,27.80044,20.618282,1.0,1.0,1.0,-1.7876431,0.35859218
0,0,,0,1617570754208,1617570755624,1416,27.818804,20.585772,1.0,1.0,1.0,-1.5832396,0.42406118
0,0,,0,1617570754208,1617570755633,1425,27.831377,20.566065,1.0,1.0,1.0,-1.4163424,0.39577004
0,0,,0,1617570754208,1617570755641,1433,27.84447,20.54648,1.0,1.0,1.0,-1.3083912,0.39962253
0,0,,0,1617570754208,1617570755649,1441,27.85433,20.530506,1.0,1.0,1.0,-1.2256894,0.41160432
0,0,,0,1617570754208,1617570755658,1450,27.865536,20.510372,1.0,1.0,1.0,-1.1313088,0.41451246
0,0,,0,1617570754208,1617570755665,1457,27.875975,20.493135,1.0,1.0,1.0,-1.0068086,0.3702913
0,0,,0,1617570754208,1617570755674,1466,27.88551,20.476252,1.0,1.0,1.0,-0.9696425,0.38567385
0,0,,0,1617570754208,1617570755683,1475,27.894835,20.45696,1.0,1.0,1.0,-0.8467153,0.38496727
0,0,,0,1617570754208,1617570755690,1482,27.90222,20.441826,1.0,1.0,1.0,-0.8273638,0.40416428
0,0,,0,1617570754208,1617570755708,1500,27.917892,20.400469,1.0,1.0,1.0,-0.71195227,0.43358898
0,0,,0,1617570754208,1617570755716,1508,27.924812,20.381392,1.0,1.0,1.0,-0.6092963,0.43322322
0,0,,0,1617570754208,1617570755724,1516,27.930355,20.361494,1.0,1.0,1.0,-0.5593833,0.43618923
0,0,,0,1617570754208,1617570755740,1532,27.941809,20.321177,1.0,1.0,1.0,-0.4286983,0.45699778
0,0,,0,1617570754208,1617570755757,1549,27.95432,20.273956,1.0,1.0,1.0,-0.32652128,0.4521427
0,0,,0,1617570754208,1617570755791,1583,27.975449,20.187586,1.0,1.0,1.0,-0.15766603,0.47554573
0,0,,0,1617570754208,1617570755800,1592,27.980858,20.165173,1.0,1.0,1.0,-0.09132761,0.44642875
0,0,,0,1617570754208,1617570755807,1599,27.985264,20.144045,1.0,1.0,1.0,-0.05112019,0.44653317
0,0,,0,1617570754208,1617570755816,1608,27.98875,20.123045,1.0,1.0,1.0,-0.055512983,0.5000571
0,0,,0,1617570754208,1617570755823,1615,27.99232,20.101412,1.0,1.0,1.0,-0.022155259,0.49906883
0,0,,0,1617570754208,1617570755832,1624,27.99417,20.079308,1.0,1.0,1.0,-0.019770727,0.5236139
0,0,,0,1617570754208,1617570755840,1632,27.995586,20.052677,1.0,1.0,1.0,-0.04049675,0.5639996
0,0,,0,1617570754208,1617570755849,1641,27.99537,20.028305,1.0,1.0,1.0,-0.07838579,0.56203717
0,0,,0,1617570754208,1617570755857,1649,27.994234,20.003647,1.0,1.0,1.0,-0.099999845,0.5805752
0,0,,0,1617570754208,1617570755866,1658,27.992897,19.975115,1.0,1.0,1.0,-0.12311963,0.59035194
0,0,,0,1617570754208,1617570755882,1674,27.987267,19.920128,1.0,1.0,1.0,-0.17401157,0.58791745
0,0,,0,1617570754208,1617570755890,1682,27.984152,19.896492,1.0,1.0,1.0,-0.25294006,0.6142732
0,0,,0,1617570754208,1617570755916,1708,27.958548,19.796103,1.0,1.0,1.0,-0.6433087,0.7265418
0,0,,0,1617570754208,1617570755934,1726,27.931248,19.724722,1.0,1.0,1.0,-0.97938263,0.7508781
0,0,,0,1617570754208,1617570755940,1732,27.918043,19.694357,1.0,1.0,1.0,-1.1534792,0.7889616
0,0,,0,1617570754208,1617570755950,1742,27.900051,19.655212,1.0,1.0,1.0,-1.3465841,0.7803431
0,0,,0,1617570754208,1617570755958,1750,27.883408,19.620626,1.0,1.0,1.0,-1.5291896,0.78223497
0,0,,0,1617570754208,1617570755965,1757,27.866497,19.58662,1.0,1.0,1.0,-1.6961336,0.75865537
0,0,,0,1617570754208,1617570755974,1766,27.847832,19.549921,1.0,1.0,1.0,-1.8774719,0.7293663
0,0,,0,1617570754208,1617570755982,1774,27.831593,19.518633,1.0,1.0,1.0,-2.0219636,0.6854332
0,0,,0,1617570754208,1617570755990,1782,27.818176,19.491373,1.0,1.0,1.0,-2.1209288,0.6708875
0,0,,0,1617570754208,1617570755999,1791,27.801394,19.457298,1.0,1.0,1.0,-2.2868986,0.6473276
0,0,,0,1617570754208,1617570756015,1807,27.741726,19.342081,1.0,1.0,1.0,-2.7874928,0.5315231
0,0,,0,1617570754208,1617570756041,1833,27.61079,19.103466,1.0,1.0,1.0,-3.4984913,0.10275419
0,0,,0,1617570754208,1617570756049,1841,27.592136,19.072193,1.0,1.0,1.0,-3.4983492,0.107475035
0,0,,0,1617570754208,1617570756057,1849,27.574568,19.043764,1.0,1.0,1.0,-3.499252,0.07234369
0,0,,0,1617570754208,1617570756065,1857,27.56089,19.022156,1.0,1.0,1.0,-3.4995983,0.05302724
0,0,,0,1617570754208,1617570756073,1865,27.548422,19.00273,1.0,1.0,1.0,-3.4997993,0.037478264
0,0,,0,1617570754208,1617570756082,1874,27.5363,18.983976,1.0,1.0,1.0,-3.4993727,0.066261925
0,0,,0,1617570754208,1617570756091,1883,27.525772,18.967766,1.0,1.0,1.0,-3.4995239,0.05772636
0,0,,0,1617570754208,1617570756100,1892,27.518658,18.944855,1.0,1.0,1.0,-3.4998405,0.0334284
0,0,,0,1617570754208,1617570756107,1899,27.50995,18.925251,1.0,1.0,1.0,-3.4995217,0.057847235
0,0,,0,1617570754208,1617570756124,1916,27.484293,18.847578,1.0,1.0,1.0,-0.011929973,0.004858862
0,0,,0,1617570754208,1617570756132,1924,27.464697,18.821386,1.0,1.0,1.0,-0.0022205273,0.0029879406
0,0,,0,1617570754208,1617570756140,1932,27.4482,18.798595,1.0,1.0,1.0,0.0025668738,0.0016875549
0,0,,0,1617570754208,1617570756158,1950,27.407267,18.733347,3.0,2.0,1.0,-0.009069936,0.017712317
0,0,,0,1617570754208,1617570756166,1958,27.39049,18.704662,3.0,2.0,1.0,-0.0041493126,0.004473181
0,0,,0,1617570754208,1617570756184,1976,27.361979,18.66003,3.0,2.0,1.0,-0.0074548754,0.011384388
0,0,,0,1617570754208,1617570756190,1982,27.349089,18.63989,3.0,2.0,1.0,0.00618628,-0.009283718
0,0,,0,1617570754208,1617570756199,1991,27.339706,18.624672,3.0,2.0,1.0,0.011898081,-0.019001909
0,0,,0,1617570754208,1617570756207,1999,27.323265,18.595459,3.0,2.0,1.0,0.0437175,-0.01102972
0,0,,0,1617570754208,1617570756215,2007,27.335897,18.570396,3.0,2.0,1.0,-0.017961284,0.03738624
0,0,,0,1617570754208,1617570756233,2025,27.337395,18.499868,3.0,2.0,1.0,-0.022845084,-0.008292225
0,0,,0,1617570754208,1617570756240,2032,27.334614,18.478865,3.0,2.0,1.0,0.021123214,0.013670933
0,0,,0,1617570754208,1617570756248,2040,27.340399,18.437778,3.0,2.0,1.0,0.024299921,0.0123034865
0,0,,0,1617570754208,1617570756258,2050,27.35292,18.395124,3.0,2.0,1.0,0.028376501,0.0016653339
0,0,,0,1617570754208,1617570756265,2057,27.361122,18.357924,3.0,2.0,1.0,0.025933508,-0.014060857
0,0,,0,1617570754208,1617570756282,2074,27.39092,18.277102,3.0,2.0,1.0,-0.033046063,0.017992526
0,0,,0,1617570754208,1617570756290,2082,27.40779,18.241158,3.0,2.0,1.0,-0.0130352955,0.02282561
0,0,,0,1617570754208,1617570756308,2100,27.432062,18.15626,3.0,2.0,1.0,0.023365362,-0.024597945
0,0,,0,1617570754208,1617570756316,2108,27.451002,18.11127,3.0,2.0,1.0,-0.024810476,-0.0074694506
0,0,,0,1617570754208,1617570756324,2116,27.467007,18.088474,3.0,2.0,1.0,-0.004203313,0.03144161
0,0,,0,1617570754208,1617570756332,2124,27.485115,18.039255,3.0,2.0,1.0,0.011615801,0.0011565845
0,0,,0,1617570754208,1617570756349,2141,27.510681,17.980896,3.0,2.0,1.0,-0.050221436,0.045222346
0,0,,0,1617570754208,1617570756357,2149,27.519245,17.966393,3.0,2.0,1.0,-0.09890674,0.07142813
0,0,,0,1617570754208,1617570756366,2158,27.536692,17.936127,3.0,2.0,1.0,-0.257937,0.09203497
0,0,,0,1617570754208,1617570756374,2166,27.55056,17.910397,3.0,2.0,1.0,-0.32852632,0.072590426
0,0,,0,1617570754208,1617570756391,2183,27.589138,17.850597,3.0,2.0,1.0,-0.50106084,0.1320699
0,0,,0,1617570754208,1617570756398,2190,27.598146,17.83728,3.0,2.0,1.0,-0.5567301,0.14198168
0,0,,0,1617570754208,1617570756408,2200,27.604147,17.828257,3.0,2.0,1.0,-0.59172475,0.22499329
0,0,,0,1617570754208,1617570756424,2216,27.620327,17.805855,3.0,2.0,1.0,-0.682829,0.29708958
0,0,,0,1617570754208,1617570756441,2233,27.64329,17.773834,3.0,2.0,1.0,-0.7588448,0.3922811
0,0,,0,1617570754208,1617570756457,2249,27.674114,17.736437,3.0,2.0,1.0,-0.73517025,0.4190928
0,0,,0,1617570754208,1617570756465,2257,27.690603,17.716755,3.0,2.0,1.0,-0.76212883,0.4388598
0,0,,0,1617570754208,1617570756473,2265,27.708206,17.696474,3.0,2.0,1.0,-0.7197,0.47145402
0,0,,0,1617570754208,1617570756499,2291,27.768518,17.625208,3.0,2.0,1.0,-0.659158,0.51708335
0,0,,0,1617570754208,1617570756507,2299,27.788399,17.602524,3.0,2.0,1.0,-0.5815693,0.5000263
0,0,,0,1617570754208,1617570756523,2315,27.83138,17.556324,3.0,2.0,1.0,-0.41394234,0.55789423
0,0,,0,1617570754208,1617570756540,2332,27.880499,17.50352,3.0,2.0,1.0,-0.19378924,0.556557
0,0,,0,1617570754208,1617570756549,2341,27.907888,17.474974,3.0,2.0,1.0,-0.034400225,0.57090116
0,0,,0,1617570754208,1617570756558,2350,27.93302,17.449203,3.0,2.0,1.0,0.13193706,0.5915926
0,0,,0,1617570754208,1617570756565,2357,27.958881,17.423029,3.0,2.0,1.0,0.29233745,0.59170204
0,0,,0,1617570754208,1617570756573,2365,27.985107,17.396744,3.0,2.0,1.0,0.46670637,0.591634
0,0,,0,1617570754208,1617570756591,2383,28.042595,17.339687,3.0,2.0,1.0,0.84022236,0.54209006
0,0,,0,1617570754208,1617570756599,2391,28.066757,17.314745,3.0,2.0,1.0,1.0079187,0.54958314
0,0,,0,1617570754208,1617570756610,2402,28.098175,17.28128,3.0,2.0,1.0,1.2577538,0.5576569
0,0,,0,1617570754208,1617570756619,2411,28.122408,17.25457,3.0,2.0,1.0,1.4666634,0.493052
0,0,,0,1617570754208,1617570756637,2429,28.163845,17.20883,3.0,2.0,1.0,1.8118681,0.4778233
0,0,,0,1617570754208,1617570756643,2435,28.178135,17.190317,3.0,2.0,1.0,1.943963,0.4360139
0,0,,0,1617570754208,1617570756660,2452,28.209875,17.147562,3.0,2.0,1.0,2.276953,0.4272686
0,0,,0,1617570754208,1617570756669,2461,28.223783,17.126694,3.0,2.0,1.0,2.408577,0.4287458
0,0,,0,1617570754208,1617570756678,2470,28.233822,17.108372,3.0,2.0,1.0,2.5415177,0.38733292
0,0,,0,1617570754208,1617570756685,2477,28.241001,17.092525,3.0,2.0,1.0,2.5557926,0.42376292
0,0,,0,1617570754208,1617570756720,2512,28.25899,17.016016,3.0,2.0,1.0,2.6243083,0.37163654
0,0,,0,1617570754208,1617570756735,2527,28.260998,16.98467,3.0,2.0,1.0,2.6108265,0.34917372
0,0,,0,1617570754208,1617570756753,2545,28.259367,16.952341,3.0,2.0,1.0,2.5691671,0.32430014
0,0,,0,1617570754208,1617570756770,2562,28.253576,16.919228,3.0,2.0,1.0,2.465693,0.34565035
0,0,,0,1617570754208,1617570756778,2570,28.249107,16.902563,3.0,2.0,1.0,2.3870695,0.38010645
0,0,,0,1617570754208,1617570756794,2586,28.234789,16.862473,3.0,2.0,1.0,2.1596339,0.48163137
0,0,,0,1617570754208,1617570756802,2594,28.225605,16.84091,3.0,2.0,1.0,2.0307949,0.52877825
0,0,,0,1617570754208,1617570756819,2611,28.202448,16.791986,3.0,2.0,1.0,1.736579,0.60987943
0,0,,0,1617570754208,1617570756836,2628,28.172928,16.734287,3.0,2.0,1.0,1.4214656,0.62322897
0,0,,0,1617570754208,1617570756844,2636,28.158388,16.706722,3.0,2.0,1.0,1.279732,0.608881
0,0,,0,1617570754208,1617570756852,2644,28.142231,16.676464,3.0,2.0,1.0,1.1251351,0.5885344
0,0,,0,1617570754208,1617570756860,2652,28.127998,16.650095,3.0,2.0,1.0,0.9856824,0.576975
0,0,,0,1617570754208,1617570756878,2670,28.096605,16.592741,3.0,2.0,1.0,0.67058057,0.5672033
0,0,,0,1617570754208,1617570756886,2678,28.082724,16.567715,3.0,2.0,1.0,0.52051735,0.58250993
0,0,,0,1617570754208,1617570756894,2686,28.068895,16.542946,3.0,2.0,1.0,0.3986338,0.5504663
0,0,,0,1617570754208,1617570756912,2704,28.038948,16.4897,3.0,2.0,1.0,0.109176636,0.5259979
0,0,,0,1617570754208,1617570756919,2711,28.027697,16.469816,3.0,2.0,1.0,0.007033229,0.50519854
0,0,,0,1617570754208,1617570756927,2719,28.015007,16.447466,3.0,2.0,1.0,-0.10540202,0.47834343
0,0,,0,1617570754208,1617570756935,2727,28.002739,16.425909,3.0,2.0,1.0,-0.24232224,0.5014716
0,0,,0,1617570754208,1617570756945,2737,27.989,16.401852,3.0,2.0,1.0,-0.37686846,0.4948996
0,0,,0,1617570754208,1617570756970,2762,27.951317,16.336145,3.0,2.0,1.0,-0.73902595,0.46585134
0,0,,0,1617570754208,1617570756977,2769,27.939564,16.315712,3.0,2.0,1.0,-0.8580085,0.46755096
0,0,,0,1617570754208,1617570756985,2777,27.92797,16.295563,3.0,2.0,1.0,-0.9620267,0.4458382
0,0,,0,1617570754208,1617570756995,2787,27.914705,16.272526,3.0,2.0,1.0,-1.1186262,0.4890729
0,0,,0,1617570754208,1617570757002,2794,27.902664,16.251623,3.0,2.0,1.0,-1.225489,0.4653661
0,0,,0,1617570754208,1617570757011,2803,27.890162,16.229898,3.0,2.0,1.0,-1.362755,0.48773488
0,0,,0,1617570754208,1617570757019,2811,27.87749,16.207863,3.0,2.0,1.0,-1.5011679,0.50937057
0,0,,0,1617570754208,1617570757028,2820,27.861567,16.180147,3.0,2.0,1.0,-1.6646206,0.51801425
0,0,,0,1617570754208,1617570757035,2827,27.850697,16.161211,3.0,2.0,1.0,-1.7628758,0.49909362
0,0,,0,1617570754208,1617570757044,2836,27.836706,16.136797,3.0,2.0,1.0,-1.8982351,0.49145725
0,0,,0,1617570754208,1617570757069,2861,27.799417,16.07155,3.0,2.0,1.0,-2.24164,0.43903792
0,0,,0,1617570754208,1617570757077,2869,27.788097,16.051685,3.0,2.0,1.0,-2.3686461,0.46540555
0,0,,0,1617570754208,1617570757085,2877,27.777199,16.03254,3.0,2.0,1.0,-2.4545014,0.42237473
0,0,,0,1617570754208,1617570757094,2886,27.76526,16.011524,3.0,2.0,1.0,-2.5729673,0.42212704
0,0,,0,1617570754208,1617570757103,2895,27.755302,15.99399,3.0,2.0,1.0,-2.664152,0.40647832
0,0,,0,1617570754208,1617570757110,2902,27.745983,15.975996,3.0,2.0,1.0,-2.717605,0.38315478
0,0,,0,1617570754208,1617570757119,2911,27.737597,15.959059,3.0,2.0,1.0,-2.808638,0.39231822
0,0,,0,1617570754208,1617570757128,2920,27.728352,15.939555,3.0,2.0,1.0,-2.8684611,0.36095148
0,0,,0,1617570754208,1617570757136,2928,27.721737,15.923954,3.0,2.0,1.0,-2.926732,0.35445413
0,0,,0,1617570754208,1617570757152,2944,27.708403,15.893217,3.0,2.0,1.0,-3.0436623,0.3086841
0,0,,0,1617570754208,1617570757160,2952,27.702675,15.879199,3.0,0.0,-2.0,-3.08168,0.31798536
0,0,,0,1617570754208,1617570757169,2961,27.698532,15.864434,3.0,0.0,-2.0,-3.0827503,0.27866212
0,0,,0,1617570754208,1617570757196,2988,27.6904,15.821006,3.0,0.0,-2.0,-3.093989,0.29719436
0,0,,0,1617570754208,1617570757203,2995,27.69008,15.809307,3.0,0.0,-2.0,-3.1090567,0.29419756
0,0,,0,1617570754208,1617570757211,3003,27.690367,15.792629,3.0,0.0,-2.0,-3.0928144,0.33787695
0,0,,0,1617570754208,1617570757219,3011,27.691908,15.77951,3.0,0.0,-2.0,-3.0301328,0.31960398
0,0,,0,1617570754208,1617570757228,3020,27.695585,15.762652,3.0,0.0,-2.0,-2.9555357,0.3569002
0,0,,0,1617570754208,1617570757236,3028,27.700619,15.74448,3.0,0.0,-2.0,-2.890402,0.3735975
0,0,,0,1617570754208,1617570757244,3036,27.706251,15.727576,3.0,0.0,-2.0,-2.800995,0.41059488
0,0,,0,1617570754208,1617570757252,3044,27.713165,15.709563,3.0,0.0,-2.0,-2.7092175,0.40430555
0,0,,0,1617570754208,1617570757260,3052,27.72218,15.69087,3.0,0.0,-2.0,-2.5625594,0.43128106
0,0,,0,1617570754208,1617570757270,3062,27.734632,15.669073,3.0,0.0,-2.0,-2.3894591,0.45125186
0,0,,0,1617570754208,1617570757295,3087,27.785143,15.599507,3.0,0.0,-2.0,-1.7499139,0.5192592
0,0,,0,1617570754208,1617570757302,3094,27.802109,15.57909,3.0,0.0,-2.0,-1.5616287,0.52504164
0,0,,0,1617570754208,1617570757312,3104,27.825455,15.552128,3.0,0.0,-2.0,-1.3046001,0.5335036
0,0,,0,1617570754208,1617570757319,3111,27.844652,15.531123,3.0,0.0,-2.0,-1.0678455,0.5331073
0,0,,0,1617570754208,1617570757328,3120,27.873325,15.501688,3.0,0.0,-2.0,-0.76950693,0.5361776
0,0,,0,1617570754208,1617570757335,3127,27.89416,15.480653,3.0,0.0,-2.0,-0.5326809,0.55825555
0,0,,0,1617570754208,1617570757361,3153,27.97588,15.399976,3.0,0.0,-2.0,0.28921998,0.54984343
0,0,,0,1617570754208,1617570757369,3161,28.000843,15.375219,3.0,0.0,-2.0,0.5272284,0.56821346
0,0,,0,1617570754208,1617570757378,3170,28.02465,15.349909,3.0,0.0,-2.0,0.73753107,0.5676673
0,0,,0,1617570754208,1617570757394,3186,28.070686,15.296137,3.0,0.0,-2.0,1.1337852,0.58144826
0,0,,0,1617570754208,1617570757402,3194,28.089834,15.269999,3.0,0.0,-2.0,1.2770865,0.5831811
0,0,,0,1617570754208,1617570757410,3202,28.106796,15.2435,3.0,0.0,-2.0,1.4217842,0.6012215
0,0,,0,1617570754208,1617570757428,3220,28.138432,15.1841545,3.0,0.0,-2.0,1.6324693,0.63184154
0,0,,0,1617570754208,1617570757435,3227,28.148201,15.160563,3.0,0.0,-2.0,1.6853104,0.6218959
0,0,,0,1617570754208,1617570757444,3236,28.158289,15.130936,3.0,0.0,-2.0,1.7534652,0.5765446
0,0,,0,1617570754208,1617570757471,3263,28.173502,15.04322,3.0,0.0,-2.0,1.7713557,0.6113929
0,0,,0,1617570754208,1617570757485,3277,28.172146,14.989414,3.0,0.0,-2.0,1.6665319,0.6620618
0,0,,0,1617570754208,1617570757494,3286,28.168371,14.956328,3.0,0.0,-2.0,1.5900043,0.67344284
0,0,,0,1617570754208,1617570757510,3302,28.157135,14.896382,3.0,0.0,-2.0,1.4209284,0.6881964
0,0,,0,1617570754208,1617570757519,3311,28.14931,14.863316,3.0,0.0,-2.0,1.3366323,0.6564286
0,0,,0,1617570754208,1617570757527,3319,28.141586,14.834295,3.0,0.0,-2.0,1.2416179,0.6551565
0,0,,0,1617570754208,1617570757536,3328,28.133205,14.805574,3.0,0.0,-2.0,1.1418852,0.65433437
0,0,,0,1617570754208,1617570757561,3353,28.101297,14.712296,3.0,0.0,-2.0,0.7902049,0.63559616
0,0,,0,1617570754208,1617570757579,3371,28.077047,14.650759,3.0,0.0,-2.0,0.5104072,0.6669363
0,0,,0,1617570754208,1617570757586,3378,28.064713,14.621324,3.0,0.0,-2.0,0.38067544,0.664053
0,0,,0,1617570754208,1617570757593,3385,28.053347,14.595048,3.0,0.0,-2.0,0.25901386,0.66804993
0,0,,0,1617570754208,1617570757612,3404,28.021864,14.525268,3.0,0.0,-2.0,-0.09686881,0.72195625
0,0,,0,1617570754208,1617570757619,3411,28.008724,14.497101,3.0,0.0,-2.0,-0.24276859,0.74259716
0,0,,0,1617570754208,1617570757636,3428,27.975096,14.426627,3.0,0.0,-2.0,-0.6019192,0.7725718
0,0,,0,1617570754208,1617570757652,3444,27.940292,14.355206,3.0,0.0,-2.0,-0.9481956,0.7580207
0,0,,0,1617570754208,1617570757661,3453,27.924084,14.322251,3.0,0.0,-2.0,-1.1065238,0.746386
0,0,,0,1617570754208,1617570757669,3461,27.906433,14.286503,3.0,0.0,-2.0,-1.2552689,0.6865857
0,0,,0,1617570754208,1617570757686,3478,27.875805,14.222235,3.0,0.0,-2.0,-1.5304244,0.6609257
0,0,,0,1617570754208,1617570757695,3487,27.862043,14.192522,3.0,0.0,-2.0,-1.6615595,0.6918457
0,0,,0,1617570754208,1617570757711,3503,27.836975,14.13213,3.0,0.0,-2.0,-1.9026613,0.6945517
0,0,,0,1617570754208,1617570757719,3511,27.825464,14.101798,3.0,0.0,-2.0,-1.9791807,0.66721445
0,0,,0,1617570754208,1617570757736,3528,27.803644,14.03853,3.0,0.0,-2.0,-2.1565127,0.66515046
0,0,,0,1617570754208,1617570757745,3537,27.79319,14.005395,3.0,0.0,-2.0,-2.2509716,0.66651857
0,0,,0,1617570754208,1617570757761,3553,27.775858,13.943672,3.0,0.0,-2.0,-2.3925316,0.6376786
0,0,,0,1617570754208,1617570757769,3561,27.769564,13.91852,3.0,0.0,-2.0,-2.4452863,0.63591
0,0,,0,1617570754208,1617570757785,3577,27.756666,13.859804,3.0,0.0,-2.0,-2.5427802,0.59328073
0,0,,0,1617570754208,1617570757794,3586,27.75176,13.829597,3.0,0.0,-2.0,-2.557676,0.5738354
0,0,,0,1617570754208,1617570757802,3594,27.7491,13.803702,3.0,0.0,-2.0,-2.564899,0.58429295
0,0,,0,1617570754208,1617570757811,3603,27.747314,13.777629,3.0,0.0,-2.0,-2.5553584,0.57390606
0,0,,0,1617570754208,1617570757819,3611,27.747013,13.753017,3.0,0.0,-2.0,-2.524746,0.54678565
0,0,,0,1617570754208,1617570757836,3628,27.749561,13.698775,3.0,0.0,-2.0,-2.4581542,0.5210324
0,0,,0,1617570754208,1617570757844,3636,27.751833,13.678001,3.0,0.0,-2.0,-2.4267366,0.54218686
0,0,,0,1617570754208,1617570757853,3645,27.756325,13.651505,3.0,0.0,-2.0,-2.3157265,0.5189333
0,0,,0,1617570754208,1617570757862,3654,27.762806,13.625964,3.0,0.0,-2.0,-2.242479,0.5091174
0,0,,0,1617570754208,1617570757877,3669,27.778582,13.579767,3.0,0.0,-2.0,-2.0142448,0.5228305
0,0,,0,1617570754208,1617570757885,3677,27.78888,13.556566,3.0,0.0,-2.0,-1.8854942,0.51243484
0,0,,0,1617570754208,1617570757894,3686,27.802227,13.530684,3.0,0.0,-2.0,-1.7163687,0.5100752
0,0,,0,1617570754208,1617570757911,3703,27.831299,13.48184,3.0,0.0,-2.0,-1.3694168,0.53117436
0,0,,0,1617570754208,1617570757918,3710,27.844307,13.461671,3.0,0.0,-2.0,-1.2360171,0.5135248
0,0,,0,1617570754208,1617570757928,3720,27.862217,13.435889,3.0,0.0,-2.0,-0.9996487,0.5187608
0,0,,0,1617570754208,1617570757935,3727,27.879412,13.413233,3.0,0.0,-2.0,-0.8242561,0.49686566
0,0,,0,1617570754208,1617570757944,3736,27.89789,13.39108,3.0,0.0,-2.0,-0.6165065,0.5027424
0,0,,0,1617570754208,1617570757952,3744,27.920397,13.365445,3.0,0.0,-2.0,-0.3459618,0.5286212
0,0,,0,1617570754208,1617570757970,3762,27.968142,13.314378,3.0,0.0,-2.0,0.19833428,0.5664428
0,0,,0,1617570754208,1617570757977,3769,27.993088,13.288905,3.0,0.0,-2.0,0.47026783,0.57841927
0,0,,0,1617570754208,1617570757985,3777,28.019278,13.262721,3.0,0.0,-2.0,0.767304,0.60274494
0,0,,0,1617570754208,1617570757994,3786,28.050386,13.233141,3.0,0.0,-2.0,1.1117989,0.6010195
0,0,,0,1617570754208,1617570758002,3794,28.079136,13.20642,3.0,0.0,-2.0,1.4123076,0.6101156
0,0,,0,1617570754208,1617570758011,3803,28.10839,13.179382,3.0,0.0,-2.0,1.7166278,0.61845744
0,0,,0,1617570754208,1617570758019,3811,28.141142,13.149229,3.0,0.0,-2.0,2.0332494,0.60591596
0,0,,0,1617570754208,1617570758028,3820,28.169685,13.123021,3.0,0.0,-2.0,0.6403756,-0.67439914
0,0,,0,1617570754208,1617570758036,3828,28.197634,13.097415,3.0,0.0,-2.0,0.62370265,-0.43385196
0,0,,0,1617570754208,1617570758043,3835,28.225327,13.072091,3.0,0.0,-2.0,0.62279856,-0.18230861
0,0,,0,1617570754208,1617570758053,3845,28.256092,13.043997,3.0,0.0,-2.0,0.61467755,0.09098148
0,0,,0,1617570754208,1617570758062,3854,28.28943,13.013579,3.0,0.0,-2.0,0.60059494,0.38288987
0,0,,0,1617570754208,1617570758070,3862,28.315666,12.990573,3.0,0.0,-2.0,0.5822494,0.57307315
0,0,,0,1617570754208,1617570758079,3871,28.341116,12.968429,3.0,0.0,-2.0,0.5552122,0.7734362
0,0,,0,1617570754208,1617570758087,3879,28.369102,12.944474,3.0,0.0,-2.0,0.56315476,0.9980912
0,0,,0,1617570754208,1617570758096,3888,28.393324,12.9243355,3.0,0.0,-2.0,0.53857374,1.1824569
0,0,,0,1617570754208,1617570758113,3905,28.440746,12.883934,3.0,0.0,-2.0,0.48743007,1.523144
0,0,,0,1617570754208,1617570758120,3912,28.459532,12.869575,3.0,0.0,-2.0,0.47065732,1.6329893
0,0,,0,1617570754208,1617570758129,3921,28.484629,12.850423,3.0,0.0,-2.0,0.44400293,1.8099672
0,0,,0,1617570754208,1617570758137,3929,28.503933,12.837189,3.0,0.0,-2.0,0.42193082,1.8815675
0,0,,0,1617570754208,1617570758145,3937,28.52249,12.8248005,3.0,0.0,-2.0,0.4099112,2.0053215
0,0,,0,1617570754208,1617570758153,3945,28.540598,12.814068,3.0,0.0,-2.0,0.42035526,2.0839374
0,0,,0,1617570754208,1617570758162,3954,28.56071,12.802974,3.0,0.0,0.0,0.41133222,2.1515062
0,0,,0,1617570754208,1617570758188,3980,28.620955,12.780354,3.0,0.0,0.0,0.41445297,2.2979975
0,0,,0,1617570754208,1617570758196,3988,28.637264,12.776547,3.0,0.0,0.0,0.42898813,2.3222811
0,0,,0,1617570754208,1617570758212,4004,28.677006,12.771222,3.0,0.0,0.0,0.4126604,2.3263786
0,0,,0,1617570754208,1617570758229,4021,28.714333,12.770704,3.0,0.0,0.0,0.37634876,2.2961714
0,0,,0,1617570754208,1617570758237,4029,28.731133,12.771101,3.0,0.0,0.0,0.38660702,2.2568696
0,0,,0,1617570754208,1617570758245,4037,28.747604,12.772598,3.0,0.0,0.0,0.38655493,2.2266734
0,0,,0,1617570754208,1617570758254,4046,28.764606,12.774742,3.0,0.0,0.0,0.37374732,2.2077153
0,0,,0,1617570754208,1617570758262,4054,28.784475,12.778283,3.0,0.0,0.0,0.4144385,2.1251106
0,0,,0,1617570754208,1617570758279,4071,28.825506,12.787217,3.0,0.0,0.0,0.45113286,2.0439153
0,0,,0,1617570754208,1617570758287,4079,28.8436,12.791525,3.0,0.0,0.0,0.4590318,1.9744514
0,0,,0,1617570754208,1617570758304,4096,28.891573,12.804048,3.0,0.0,0.0,0.47769287,1.8345729
0,0,,0,1617570754208,1617570758313,4105,28.91269,12.810534,3.0,0.0,0.0,0.47933415,1.7488579
0,0,,0,1617570754208,1617570758321,4113,28.93367,12.816899,3.0,0.0,0.0,0.45803317,1.6969073
0,0,,0,1617570754208,1617570758329,4121,28.953636,12.823784,3.0,0.0,0.0,0.42464083,1.6273316
0,0,,0,1617570754208,1617570758346,4138,28.993153,12.83891,3.0,0.0,0.0,0.4112192,1.4716547
0,0,,0,1617570754208,1617570758353,4145,29.01156,12.846659,3.0,0.0,0.0,0.41689336,1.3456331
0,0,,0,1617570754208,1617570758371,4163,29.053059,12.865568,3.0,0.0,0.0,0.46356028,1.1412516
0,0,,0,1617570754208,1617570758379,4171,29.074883,12.875159,3.0,0.0,0.0,0.50501263,1.0445037
0,0,,0,1617570754208,1617570758387,4179,29.101408,12.886124,3.0,0.0,0.0,0.54807186,0.92077136
0,0,,0,1617570754208,1617570758398,4190,29.136492,12.899663,3.0,0.0,0.0,0.6269627,0.80560356
0,0,,0,1617570754208,1617570758415,4207,29.19366,12.920569,3.0,0.0,0.0,0.5996921,0.57399666
0,0,,0,1617570754208,1617570758424,4216,29.223475,12.931781,3.0,0.0,0.0,0.5852172,0.48392165
0,0,,0,1617570754208,1617570758432,4224,29.246286,12.940452,3.0,0.0,0.0,0.59924686,0.3971402
0,0,,0,1617570754208,1617570758465,4257,29.361012,12.984345,3.0,0.0,0.0,0.62780476,-0.05185829
0,0,,0,1617570754208,1617570758474,4266,29.38895,12.994658,3.0,0.0,0.0,0.6435263,-0.16673611
0,0,,0,1617570754208,1617570758482,4274,29.42031,13.005686,3.0,0.0,0.0,0.6260155,-0.2550331
0,0,,0,1617570754208,1617570758491,4283,29.4481,13.014704,3.0,0.0,0.0,0.62949854,-0.34360713
0,0,,0,1617570754208,1617570758498,4290,29.476036,13.02327,3.0,0.0,0.0,0.63269955,-0.42808536
0,0,,0,1617570754208,1617570758506,4298,29.504251,13.031063,3.0,0.0,0.0,0.63664544,-0.44307628
0,0,,0,1617570754208,1617570758516,4308,29.539604,13.039469,3.0,0.0,0.0,0.6362292,-0.5430996
0,0,,0,1617570754208,1617570758523,4315,29.56441,13.044715,3.0,0.0,0.0,0.6472252,-0.569612
0,0,,0,1617570754208,1617570758540,4332,29.62577,13.055626,3.0,0.0,0.0,0.6683819,-0.6572294
0,0,,0,1617570754208,1617570758549,4341,29.656013,13.059975,3.0,0.0,0.0,0.6800209,-0.692233
0,0,,0,1617570754208,1617570758557,4349,29.69085,13.064677,3.0,0.0,0.0,0.6944699,-0.7131158
0,0,,0,1617570754208,1617570758565,4357,29.722084,13.068455,3.0,0.0,0.0,0.7041354,-0.7747252
0,0,,0,1617570754208,1617570758573,4365,29.7533,13.071774,3.0,0.0,0.0,0.7002024,-0.7846006
0,0,,0,1617570754208,1617570758582,4374,29.784489,13.074592,3.0,0.0,0.0,0.6961958,-0.7904604
0,0,,0,1617570754208,1617570758591,4383,29.819838,13.077402,3.0,0.0,0.0,0.7230469,-0.8114621
0,0,,0,1617570754208,1617570758599,4391,29.856005,13.07969,3.0,0.0,0.0,0.74791515,-0.8282475
0,0,,0,1617570754208,1617570758607,4399,29.889103,13.081464,3.0,0.0,0.0,0.75296706,-0.8406005
0,0,,0,1617570754208,1617570758616,4408,29.92304,13.083068,3.0,0.0,0.0,0.7560108,-0.85140777
0,0,,0,1617570754208,1617570758624,4416,29.95768,13.084305,3.0,0.0,0.0,0.7981796,-0.87390846
0,0,,0,1617570754208,1617570758632,4424,29.992529,13.085209,3.0,0.0,0.0,0.78560877,-0.8631797
0,0,,0,1617570754208,1617570758640,4432,30.031952,13.086216,3.0,0.0,0.0,0.7902482,-0.8835284
0,0,,0,1617570754208,1617570758649,4441,30.066559,13.08632,3.0,0.0,0.0,0.7641403,-0.8512922
0,0,,0,1617570754208,1617570758657,4449,30.105415,13.085996,3.0,0.0,0.0,0.77024364,-0.8608615
0,0,,0,1617570754208,1617570758665,4457,30.139973,13.085347,3.0,0.0,0.0,0.7845696,-0.83615583
0,0,,0,1617570754208,1617570758673,4465,30.174255,13.084108,3.0,0.0,0.0,0.77292883,-0.80791867
0,0,,0,1617570754208,1617570758682,4474,30.208866,13.082638,3.0,0.0,0.0,0.78859836,-0.80760515
0,0,,0,1617570754208,1617570758690,4482,30.247908,13.080273,3.0,0.0,0.0,0.7782459,-0.7538895
0,0,,0,1617570754208,1617570758724,4516,30.396168,13.06776,3.0,0.0,0.0,0.7858854,-0.60318416
0,0,,0,1617570754208,1617570758732,4524,30.431538,13.064311,3.0,0.0,0.0,0.79727906,-0.5530771
0,0,,0,1617570754208,1617570758758,4550,30.544838,13.053159,3.0,0.0,0.0,0.8204296,-0.45938513
0,0,,0,1617570754208,1617570758765,4557,30.581856,13.049685,3.0,0.0,0.0,0.8276704,-0.40799853
0,0,,0,1617570754208,1617570758774,4566,30.619066,13.0463505,3.0,0.0,0.0,0.85267806,-0.40309665
0,0,,0,1617570754208,1617570758782,4574,30.656279,13.04294,3.0,0.0,0.0,0.8330095,-0.35469496
0,0,,0,1617570754208,1617570758790,4582,30.69769,13.039172,3.0,0.0,0.0,0.83370525,-0.33135644
0,0,,0,1617570754208,1617570758799,4591,30.734112,13.035741,3.0,0.0,0.0,0.8157717,-0.28220153
0,0,,0,1617570754208,1617570758807,4599,30.769817,13.032367,3.0,0.0,0.0,0.78796643,-0.25013316
0,0,,0,1617570754208,1617570758824,4616,30.843418,13.02539,3.0,0.0,0.0,0.7802243,-0.17734829
0,0,,0,1617570754208,1617570758841,4633,30.918356,13.017212,3.0,0.0,0.0,0.7428657,-0.09832284
0,0,,0,1617570754208,1617570758849,4641,30.947273,13.014092,3.0,0.0,0.0,0.7565974,-0.06394449
0,0,,0,1617570754208,1617570758857,4649,30.984259,13.0099745,3.0,0.0,0.0,0.74109334,-0.03953495
0,0,,0,1617570754208,1617570758865,4657,31.012945,13.006995,3.0,0.0,0.0,0.744333,-0.023044098
0,0,,0,1617570754208,1617570758882,4674,31.085382,12.999821,3.0,0.0,0.0,0.7234536,0.06779731
0,0,,0,1617570754208,1617570758891,4683,31.117,12.996799,3.0,0.0,0.0,0.72014374,0.08511142
0,0,,0,1617570754208,1617570758899,4691,31.14814,12.994028,3.0,0.0,0.0,0.6868747,0.12819444
0,0,,0,1617570754208,1617570758907,4699,31.17857,12.991514,3.0,0.0,0.0,0.6708007,0.15555179
0,0,,0,1617570754208,1617570758924,4716,31.244411,12.986153,3.0,0.0,0.0,0.64311916,0.19896758
0,0,,0,1617570754208,1617570758932,4724,31.269024,12.984305,3.0,0.0,0.0,0.6139279,0.21793169
0,0,,0,1617570754208,1617570758949,4741,31.326815,12.980036,3.0,0.0,0.0,0.59378535,0.2358914
0,0,,0,1617570754208,1617570758958,4750,31.356459,12.977761,3.0,0.0,0.0,0.5795184,0.2616873
0,0,,0,1617570754208,1617570758965,4757,31.382324,12.975632,3.0,0.0,0.0,0.5736284,0.2867496
0,0,,0,1617570754208,1617570758975,4767,31.411198,12.973455,3.0,0.0,0.0,0.57688814,0.29870206
0,0,,0,1617570754208,1617570758982,4774,31.43691,12.971551,3.0,0.0,0.0,0.58720934,0.30898616
0,0,,0,1617570754208,1617570758990,4782,31.462198,12.96957,3.0,0.0,0.0,0.5667612,0.3464065
0,0,,0,1617570754208,1617570758999,4791,31.48715,12.967555,3.0,0.0,0.0,0.56294924,0.37090954
0,0,,0,1617570754208,1617570759007,4799,31.514837,12.965178,3.0,0.0,0.0,0.5529626,0.3983271
0,0,,0,1617570754208,1617570759025,4817,31.565498,12.960441,3.0,0.0,0.0,0.5437153,0.45358655
0,0,,0,1617570754208,1617570759032,4824,31.589073,12.95797,3.0,0.0,0.0,0.54289854,0.48207673
0,0,,0,1617570754208,1617570759040,4832,31.612823,12.955506,3.0,0.0,0.0,0.55774146,0.49771315
0,0,,0,1617570754208,1617570759065,4857,31.686262,12.948102,3.0,0.0,0.0,0.58119076,0.55868804
0,0,,0,1617570754208,1617570759074,4866,31.715336,12.945547,3.0,0.0,0.0,0.61047566,0.58094114
0,0,,0,1617570754208,1617570759082,4874,31.742117,12.943516,3.0,0.0,0.0,0.6022574,0.6068612
0,0,,0,1617570754208,1617570759090,4882,31.769264,12.941561,3.0,0.0,0.0,0.635911,0.6249167
0,0,,0,1617570754208,1617570759099,4891,31.799948,12.939667,3.0,0.0,0.0,0.60244817,0.6633295
0,0,,0,1617570754208,1617570759108,4900,31.83021,12.937984,3.0,0.0,0.0,0.59325683,0.6560698
0,0,,0,1617570754208,1617570759115,4907,31.85652,12.936498,3.0,0.0,0.0,0.5766382,0.66009074
0,0,,0,1617570754208,1617570759124,4916,31.881714,12.935596,3.0,0.0,0.0,0.55556643,0.6915225
0,0,,0,1617570754208,1617570759132,4924,31.908947,12.934099,3.0,0.0,0.0,0.543992,0.6645969
0,0,,0,1617570754208,1617570759140,4932,31.932058,12.93311,3.0,0.0,0.0,0.52772933,0.69571733
0,0,,0,1617570754208,1617570759149,4941,31.95469,12.93219,3.0,0.0,0.0,0.49333817,0.69046086
0,0,,0,1617570754208,1617570759157,4949,31.979015,12.9316635,3.0,0.0,0.0,0.47407436,0.719092
0,0,,0,1617570754208,1617570759166,4958,31.999712,12.930675,3.0,0.0,0.0,0.4607649,0.701157
0,0,,0,1617570754208,1617570759174,4966,32.019485,12.9305725,3.0,0.0,0.0,0.41629964,0.7021097
0,0,,0,1617570754208,1617570759183,4975,32.042713,12.930455,3.0,0.0,0.0,0.40681073,0.6961071
0,0,,0,1617570754208,1617570759200,4992,32.077053,12.929648,3.0,0.0,0.0,0.3557353,0.7079772
0,0,,0,1617570754208,1617570759207,4999,32.090797,12.9298935,3.0,0.0,0.0,0.341497,0.693751
0,0,,0,1617570754208,1617570759216,5008,32.10732,12.930589,3.0,0.0,0.0,0.30437827,0.68828434
0,0,,0,1617570754208,1617570759223,5015,32.120605,12.931211,3.0,0.0,0.0,0.29116517,0.67104334
0,0,,0,1617570754208,1617570759240,5032,32.14717,12.934118,3.0,0.0,0.0,0.25768706,0.6543439
0,0,,0,1617570754208,1617570759265,5057,32.181416,12.937687,3.0,0.0,0.0,0.2737995,0.5819267
0,0,,0,1617570754208,1617570759282,5074,32.20984,12.943318,3.0,0.0,0.0,0.3297956,0.49973434
0,0,,0,1617570754208,1617570759291,5083,32.226185,12.947289,3.0,0.0,0.0,0.34379423,0.43164763
0,0,,0,1617570754208,1617570759299,5091,32.23981,12.950743,3.0,0.0,0.0,0.3827058,0.40420234
0,0,,0,1617570754208,1617570759316,5108,32.274006,12.960025,3.0,0.0,0.0,0.35675442,0.2947149
0,0,,0,1617570754208,1617570759325,5117,32.29347,12.965759,3.0,0.0,0.0,0.35651773,0.24301404
0,0,,0,1617570754208,1617570759333,5125,32.307137,12.970003,3.0,0.0,0.0,0.3427704,0.19777773
0,0,,0,1617570754208,1617570759350,5142,32.340034,12.979287,3.0,0.0,0.0,0.3295441,0.10618814
0,0,,0,1617570754208,1617570759358,5150,32.35267,12.983577,3.0,0.0,0.0,0.30103278,0.07272498
0,0,,0,1617570754208,1617570759366,5158,32.367252,12.98848,3.0,0.0,0.0,0.28551766,0.0217297
0,0,,0,1617570754208,1617570759374,5166,32.37967,12.992963,3.0,0.0,0.0,0.2748373,-0.025789537
0,0,,0,1617570754208,1617570759392,5184,32.404057,13.00306,3.0,0.0,0.0,0.25136244,-0.12978154
0,0,,0,1617570754208,1617570759408,5200,32.426777,13.011097,3.0,0.0,0.0,0.24707791,-0.198834
0,0,,0,1617570754208,1617570759417,5209,32.440235,13.015713,3.0,0.0,0.0,0.2604787,-0.24084911
0,0,,0,1617570754208,1617570759425,5217,32.452168,13.020201,3.0,0.0,0.0,0.28604275,-0.3134321
0,0,,0,1617570754208,1617570759433,5225,32.464115,13.025116,3.0,0.0,0.0,0.24159297,-0.33942112
0,0,,0,1617570754208,1617570759441,5233,32.47557,13.029619,3.0,0.0,0.0,0.21591908,-0.3750669
0,0,,0,1617570754208,1617570759459,5251,32.494617,13.03733,3.0,0.0,0.0,0.20807299,-0.46054605
0,0,,0,1617570754208,1617570759467,5259,32.503624,13.04143,3.0,0.0,0.0,0.20512484,-0.50467294
0,0,,0,1617570754208,1617570759475,5267,32.511856,13.0452,3.0,0.0,0.0,0.1866734,-0.5344717
0,0,,0,1617570754208,1617570759483,5275,32.52155,13.050022,3.0,0.0,0.0,0.18221383,-0.58431333
0,0,,0,1617570754208,1617570759491,5283,32.53025,13.054577,3.0,0.0,0.0,0.21533397,-0.65726626
0,0,,0,1617570754208,1617570759500,5292,32.539448,13.059674,3.0,0.0,0.0,0.2297579,-0.7218012
0,0,,0,1617570754208,1617570759508,5300,32.54943,13.065505,3.0,0.0,0.0,0.24236299,-0.79177713
0,0,,0,1617570754208,1617570759525,5317,32.572136,13.079441,3.0,0.0,0.0,0.2440268,-0.9375783
0,0,,0,1617570754208,1617570759533,5325,32.583694,13.086822,3.0,0.0,0.0,0.2534956,-1.0202782
0,0,,0,1617570754208,1617570759550,5342,32.6132,13.106304,3.0,0.0,0.0,0.32967538,-1.271691
0,0,,0,1617570754208,1617570759558,5350,32.626698,13.115445,3.0,0.0,0.0,0.3710027,-1.3924823
0,0,,0,1617570754208,1617570759566,5358,32.646557,13.129067,3.0,0.0,0.0,0.45271996,-1.5854735
0,0,,0,1617570754208,1617570759575,5367,32.669846,13.145195,3.0,0.0,0.0,0.5093067,-1.7854991
0,0,,0,1617570754208,1617570759591,5383,32.715263,13.176801,3.0,0.0,0.0,0.5166572,-2.1067874
0,0,,0,1617570754208,1617570759599,5391,32.73409,13.189916,3.0,0.0,0.0,0.45594347,-2.197754
0,0,,0,1617570754208,1617570759608,5400,32.75856,13.206966,3.0,0.0,0.0,0.41931382,-2.3442824
0,0,,0,1617570754208,1617570759624,5416,32.79373,13.231485,3.0,0.0,0.0,0.35864928,-2.5496433
0,0,,0,1617570754208,1617570759633,5425,32.810715,13.243328,3.0,0.0,0.0,0.32049772,-2.6429584
0,0,,0,1617570754208,1617570759641,5433,32.824295,13.252791,3.0,0.0,0.0,-2.060986,-0.9845835
0,0,,0,1617570754208,1617570759650,5442,32.838028,13.262366,3.0,0.0,0.0,-1.995712,-0.9310311
0,0,,0,1617570754208,1617570759658,5450,32.848225,13.269473,3.0,0.0,0.0,-1.9296502,-0.9044364
0,0,,0,1617570754208,1617570759667,5459,32.8603,13.277896,3.0,0.0,0.0,-1.8364062,-0.88359624
0,0,,0,1617570754208,1617570759675,5467,32.871338,13.285596,3.0,0.0,0.0,-1.7663444,-0.85371476
0,0,,0,1617570754208,1617570759689,5481,32.891335,13.299055,3.0,0.0,0.0,-1.626831,-0.78204864
0,0,,0,1617570754208,1617570759696,5488,32.90098,13.304828,3.0,0.0,0.0,-1.5781679,-0.74563533
0,0,,0,1617570754208,1617570759705,5497,32.912735,13.311913,3.0,0.0,0.0,-1.501231,-0.7142985
0,0,,0,1617570754208,1617570759713,5505,32.92244,13.317789,3.0,0.0,0.0,-1.4524169,-0.67756736
0,0,,0,1617570754208,1617570759720,5512,32.93069,13.322738,3.0,0.0,0.0,-1.4286019,-0.63330436
0,0,,0,1617570754208,1617570759737,5529,32.94868,13.333813,3.0,0.0,0.0,-1.2676948,-0.61738163
0,0,,0,1617570754208,1617570759746,5538,32.959343,13.340634,3.0,0.0,0.0,-1.1247888,-0.64213127
0,0,,0,1617570754208,1617570759754,5546,32.971302,13.348404,3.0,0.0,0.0,-1.04932,-0.6092716
0,0,,0,1617570754208,1617570759762,5554,32.983772,13.3565645,3.0,0.0,0.0,-0.93392825,-0.6006415
0,0,,0,1617570754208,1617570759771,5563,32.997917,13.365964,3.0,0.0,0.0,-0.8375006,-0.5933751
0,0,,0,1617570754208,1617570759779,5571,33.011787,13.376352,3.0,0.0,0.0,-0.73690164,-0.56436074
0,0,,0,1617570754208,1617570759787,5579,33.024635,13.385984,3.0,0.0,0.0,-0.6689407,-0.54773384
0,0,,0,1617570754208,1617570759796,5588,33.037685,13.397332,3.0,0.0,0.0,-0.5660864,-0.55417454
0,0,,0,1617570754208,1617570759813,5605,33.06756,13.425636,3.0,0.0,0.0,-0.35289854,-0.54964936
0,0,,0,1617570754208,1617570759821,5613,33.08189,13.441266,3.0,0.0,0.0,-0.2810191,-0.5555539
0,0,,0,1617570754208,1617570759830,5622,33.09775,13.458841,3.0,0.0,0.0,-0.207611,-0.49885425
0,0,,0,1617570754208,1617570759838,5630,33.11132,13.474918,3.0,0.0,0.0,-0.123508096,-0.520104
0,0,,0,1617570754208,1617570759872,5664,33.165806,13.547993,3.0,0.0,0.0,0.1383695,-0.4779414
0,0,,0,1617570754208,1617570759880,5672,33.1778,13.566699,3.0,0.0,0.0,0.17463127,-0.45327845
0,0,,0,1617570754208,1617570759887,5679,33.189823,13.585532,3.0,0.0,0.0,0.20234537,-0.45011947
0,0,,0,1617570754208,1617570759913,5705,33.22683,13.647331,3.0,0.0,0.0,0.358208,-0.40706947
0,0,,0,1617570754208,1617570759929,5721,33.248222,13.686169,3.0,0.0,0.0,0.40055862,-0.3864897
0,0,,0,1617570754208,1617570759938,5730,33.259087,13.705786,3.0,0.0,0.0,0.4339397,-0.34274834
0,0,,0,1617570754208,1617570759946,5738,33.270226,13.7265415,3.0,0.0,0.0,0.47836947,-0.33227235
0,0,,0,1617570754208,1617570759954,5746,33.27996,13.745255,3.0,0.0,0.0,0.49891883,-0.31506446
0,0,,0,1617570754208,1617570759963,5755,33.288727,13.762257,3.0,0.0,0.0,0.50766444,-0.26745197
0,0,,0,1617570754208,1617570759981,5773,33.30791,13.799593,3.0,0.0,0.0,0.5478531,-0.23416802
0,0,,0,1617570754208,1617570759989,5781,33.31644,13.8154335,3.0,0.0,0.0,0.576917,-0.20231086
0,0,,0,1617570754208,1617570759996,5788,33.324223,13.83158,3.0,0.0,0.0,0.6041645,-0.23005813
0,0,,0,1617570754208,1617570760005,5797,33.33252,13.8476515,3.0,0.0,0.0,0.6119047,-0.18501902
0,0,,0,1617570754208,1617570760013,5805,33.339924,13.862354,3.0,0.0,0.0,0.6292524,-0.18023878
0,0,,0,1617570754208,1617570760021,5813,33.34843,13.879944,3.0,0.0,0.0,0.66479445,-0.18203428
0,0,,0,1617570754208,1617570760029,5821,33.355217,13.894356,3.0,0.0,0.0,0.6483561,-0.12994242
0,0,,0,1617570754208,1617570760047,5839,33.36908,13.9235115,3.0,0.0,0.0,0.6770321,-0.12359804
0,0,,0,1617570754208,1617570760055,5847,33.37543,13.937201,3.0,0.0,0.0,0.7179924,-0.11484903
0,0,,0,1617570754208,1617570760072,5864,33.388145,13.966241,3.0,0.0,0.0,0.70074403,-0.084840804
0,0,,0,1617570754208,1617570760080,5872,33.393353,13.978732,3.0,0.0,0.0,0.7179179,-0.06737551
0,0,,0,1617570754208,1617570760097,5889,33.403908,14.006689,3.0,0.0,0.0,0.7115299,-0.11803195
0,0,,0,1617570754208,1617570760105,5897,33.40891,14.023505,3.0,0.0,0.0,0.71739036,-0.15418246
0,0,,0,1617570754208,1617570760113,5905,33.412296,14.039882,3.0,0.0,0.0,0.6744588,-0.16850692
0,0,,0,1617570754208,1617570760131,5923,33.4191,14.080287,3.0,0.0,0.0,0.5873314,-0.2609216
0,0,,0,1617570754208,1617570760138,5930,33.42031,14.096979,3.0,0.0,0.0,0.50851244,-0.2676376
0,0,,0,1617570754208,1617570760147,5939,33.42052,14.116455,3.0,0.0,0.0,0.4539235,-0.3020898
0,0,,0,1617570754208,1617570760155,5947,33.42035,14.139524,1.0,-2.0,-2.0,0.3569374,-0.34197006
0,0,,0,1617570754208,1617570760172,5964,33.417965,14.186199,1.0,-2.0,-2.0,0.17582403,-0.41887984
0,0,,0,1617570754208,1617570760180,5972,33.416027,14.205835,1.0,-2.0,-2.0,0.085602656,-0.44588104
0,0,,0,1617570754208,1617570760189,5981,33.412525,14.231699,1.0,-2.0,-2.0,-0.051883556,-0.5155445
0,0,,0,1617570754208,1617570760197,5989,33.408794,14.254606,1.0,-2.0,-2.0,-0.164545,-0.54410684
0,0,,0,1617570754208,1617570760205,5997,33.404366,14.27784,1.0,-2.0,-2.0,-0.2921317,-0.5973458
0,0,,0,1617570754208,1617570760222,6014,33.393246,14.333264,1.0,-2.0,-2.0,-0.56999946,-0.71393824
0,0,,0,1617570754208,1617570760230,6022,33.38809,14.355553,1.0,-2.0,-2.0,-0.70028853,-0.7709245
0,0,,0,1617570754208,1617570760238,6030,33.38078,14.384569,1.0,-2.0,-2.0,-0.86561984,-0.82592934
0,0,,0,1617570754208,1617570760255,6047,33.364872,14.440924,1.0,-2.0,-2.0,-1.2006176,-0.94227386
0,0,,0,1617570754208,1617570760264,6056,33.356457,14.468036,1.0,-2.0,-2.0,-1.3883649,-0.98803455
0,0,,0,1617570754208,1617570760272,6064,33.34575,14.497882,1.0,-2.0,-2.0,-1.5802182,-1.0529271
0,0,,0,1617570754208,1617570760288,6080,33.32543,14.552334,1.0,-2.0,-2.0,-1.9508176,-1.2086946
0,0,,0,1617570754208,1617570760297,6089,33.276382,14.679564,1.0,-2.0,-2.0,-2.6148417,-1.2157772
0,0,,0,1617570754208,1617570760305,6097,33.24015,14.771211,1.0,-2.0,-2.0,-3.2019863,-1.3142562
0,0,,0,1617570754208,1617570760313,6105,33.211536,14.84153,1.0,-2.0,-2.0,-3.2714448,-1.2440451
0,0,,0,1617570754208,1617570760322,6114,33.192097,14.887898,1.0,-2.0,-2.0,-3.2833352,-1.2123164
0,0,,0,1617570754208,1617570760330,6122,33.17419,14.929522,1.0,-2.0,-2.0,-3.295986,-1.1774874
0,0,,0,1617570754208,1617570760365,6157,33.112278,15.0981,1.0,-2.0,-2.0,0.025211887,0.0636963
0,0,,0,1617570754208,1617570760372,6164,33.119293,15.077718,1.0,-2.0,-2.0,-0.017947912,-0.043407667
0,0,,0,1617570754208,1617570760380,6172,33.10168,15.118352,1.0,-2.0,-2.0,0.0031348947,0.008864204
0,0,,0,1617570754208,1617570760389,6181,33.101337,15.118076,1.0,-2.0,-2.0,-0.009391285,-0.020999635
0,0,,0,1617570754208,1617570760397,6189,33.08909,15.144872,1.0,-2.0,-2.0,0.010105003,0.022123765
0,0,,0,1617570754208,1617570760406,6198,33.082897,15.158232,1.0,-2.0,-2.0,8.187137E-4,0.0021628987
0,0,,0,1617570754208,1617570760414,6206,33.081997,15.159976,1.0,-2.0,-2.0,-0.009752973,-0.021005718
0,0,,0,1617570754208,1617570760431,6223,33.075115,15.1748,1.0,-2.0,-2.0,-0.004874175,-0.010339363
0,0,,0,1617570754208,1617570760440,6232,33.07274,15.179954,1.0,-2.0,-2.0,0.0015685464,0.0036172103
0,0,,0,1617570754208,1617570760448,6240,33.07326,15.178799,1.0,-2.0,-2.0,-1.1042862E-5,1.4268479E-4
0,0,,0,1617570754208,1617570760456,6248,33.073517,15.17827,1.0,-2.0,-2.0,-5.2943075E-4,-9.145817E-4
0,0,,0,1617570754208,1617570760472,6264,33.073463,15.178378,1.0,-2.0,-2.0,-4.3294826E-4,-7.2915695E-4
0,0,,0,1617570754208,1617570760481,6273,33.07321,15.178908,1.0,-2.0,-2.0,2.0083212E-4,6.091539E-4
0,0,,0,1617570754208,1617570760490,6282,33.073345,15.17863,1.0,-2.0,-2.0,-1.3933037E-4,-9.144847E-5
0,0,,0,1617570754208,1617570760498,6290,33.073257,15.178811,1.0,-2.0,-2.0,8.551206E-5,3.7233948E-4
0,0,,0,1617570754208,1617570760515,6307,33.087234,15.189131,1.0,-2.0,-2.0,-0.011737178,0.008990839
0,0,,0,1617570754208,1617570760523,6315,33.080048,15.18375,1.0,-2.0,-2.0,0.0065529943,-0.0047062347
0,0,,0,1617570754208,1617570760531,6323,33.084126,15.186794,1.0,-2.0,-2.0,-0.0038997096,0.0031046136
0,0,,0,1617570754208,1617570760540,6332,33.081882,15.185127,1.0,-2.0,-2.0,0.0019442263,-0.0012443305
0,0,,0,1617570754208,1617570760548,6340,33.096157,15.195726,1.0,-2.0,-2.0,-0.0347791,0.026022732
0,0,,0,1617570754208,1617570760556,6348,33.080555,15.184144,1.0,-2.0,-2.0,0.028932935,-0.021277519
0,0,,0,1617570754208,1617570760564,6356,33.122295,15.215095,1.0,-2.0,-2.0,-0.05466134,0.040717736
0,0,,0,1617570754208,1617570760573,6365,33.11289,15.208088,1.0,-2.0,-2.0,0.04108496,-0.030202432
0,0,,0,1617570754208,1617570760584,6376,33.15796,15.241363,1.0,-2.0,-2.0,-0.0014749542,0.0013676889
0,0,,0,1617570754208,1617570760594,6386,33.190907,15.269899,1.0,-2.0,-2.0,0.023606157,-4.657959E-5
0,0,,0,1617570754208,1617570760603,6395,33.233482,15.286428,1.0,-2.0,-2.0,0.010298177,0.0018534232
0,0,,0,1617570754208,1617570760611,6403,33.258514,15.285018,1.0,-2.0,-2.0,0.001957059,-0.058150247
0,0,,0,1617570754208,1617570760619,6411,33.281746,15.289947,1.0,-2.0,-2.0,-0.07702965,-0.103156075
0,0,,0,1617570754208,1617570760628,6420,33.31474,15.297357,1.0,-2.0,-2.0,-0.10867971,-0.14482756
0,0,,0,1617570754208,1617570760636,6428,33.32607,15.29997,1.0,-2.0,-2.0,-0.1140845,-0.17946473
0,0,,0,1617570754208,1617570760644,6436,33.34105,15.303464,1.0,-2.0,-2.0,-0.08915377,-0.24558169
0,0,,0,1617570754208,1617570760660,6452,33.37975,15.313239,1.0,-2.0,-2.0,-0.0708164,-0.30623507
0,0,,0,1617570754208,1617570760669,6461,33.404552,15.319565,1.0,-2.0,-2.0,0.0021802783,-0.36396468
0,0,,0,1617570754208,1617570760676,6468,33.432877,15.327034,1.0,-2.0,-2.0,0.006189406,-0.3925919
0,0,,0,1617570754208,1617570760685,6477,33.468235,15.336465,1.0,-2.0,-2.0,0.033109903,-0.4263214
0,0,,0,1617570754208,1617570760710,6502,33.5782,15.36641,1.0,-2.0,-2.0,0.2348125,-0.45835903
0,0,,0,1617570754208,1617570760719,6511,33.61557,15.376846,1.0,-2.0,-2.0,0.31838405,-0.42455262
0,0,,0,1617570754208,1617570760727,6519,33.65343,15.387714,1.0,-2.0,-2.0,0.3747653,-0.41971713
0,0,,0,1617570754208,1617570760735,6527,33.690887,15.399013,1.0,-2.0,-2.0,0.4547453,-0.3843053
0,0,,0,1617570754208,1617570760743,6535,33.731815,15.410787,1.0,-2.0,-2.0,0.5065253,-0.30992657
0,0,,0,1617570754208,1617570760752,6544,33.77084,15.4221115,1.0,-2.0,-2.0,0.6102309,-0.28760922
0,0,,0,1617570754208,1617570760761,6553,33.80318,15.431893,1.0,-2.0,-2.0,0.6748967,-0.24221638
0,0,,0,1617570754208,1617570760769,6561,33.834145,15.44182,1.0,-2.0,-2.0,0.72540814,-0.17947015
0,0,,0,1617570754208,1617570760777,6569,33.865765,15.4520445,1.0,-2.0,-2.0,0.8370806,-0.14045653
0,0,,0,1617570754208,1617570760785,6577,33.892693,15.461261,1.0,-2.0,-2.0,0.9259964,-0.0919891
0,0,,0,1617570754208,1617570760802,6594,33.94141,15.477853,1.0,-2.0,-2.0,1.0584383,0.048137233
0,0,,0,1617570754208,1617570760812,6604,33.963028,15.485134,1.0,-2.0,-2.0,1.1454312,0.10969402
0,0,,0,1617570754208,1617570760820,6612,33.98234,15.491642,1.0,-2.0,-2.0,1.2350681,0.1686565
0,0,,0,1617570754208,1617570760829,6621,33.99778,15.496842,1.0,-2.0,-2.0,1.3163466,0.21899661
0,0,,0,1617570754208,1617570760838,6630,34.013397,15.502104,1.0,-2.0,-2.0,1.408999,0.27338922
0,0,,0,1617570754208,1617570760846,6638,34.02735,15.506805,1.0,-2.0,-2.0,1.5024962,0.32556602
0,0,,0,1617570754208,1617570760854,6646,34.03851,15.510562,1.0,-2.0,-2.0,1.5859959,0.37019497
0,0,,0,1617570754208,1617570760863,6655,34.0486,15.513962,1.0,-2.0,-2.0,1.6695652,0.4132547
0,0,,0,1617570754208,1617570760872,6664,34.058815,15.517404,1.0,-2.0,-2.0,1.7634635,0.45993742
0,0,,0,1617570754208,1617570760880,6672,34.06794,15.520476,1.0,-2.0,-2.0,1.8570179,0.5048505
0,0,,0,1617570754208,1617570760887,6679,34.07514,15.523131,1.0,-2.0,-2.0,1.954783,0.5265562
0,0,,0,1617570754208,1617570760896,6688,34.08303,15.526139,1.0,-2.0,-2.0,2.064383,0.55350417
0,0,,0,1617570754208,1617570760904,6696,34.09206,15.529846,1.0,-2.0,-2.0,2.188457,0.5877142
0,0,,0,1617570754208,1617570760912,6704,34.09999,15.533255,1.0,-2.0,-2.0,2.2811234,0.6322382
0,0,,0,1617570754208,1617570760921,6713,34.10627,15.535774,1.0,-2.0,-2.0,2.346633,0.6866829
0,0,,0,1617570754208,1617570760929,6721,34.113617,15.538952,1.0,-2.0,-2.0,2.4938476,0.70381415
0,0,,0,1617570754208,1617570760937,6729,34.120895,15.542369,1.0,-2.0,-2.0,2.6128201,0.7344491
0,0,,0,1617570754208,1617570760946,6738,34.128716,15.546116,1.0,-2.0,-2.0,2.6874316,0.7513059
0,0,,0,1617570754208,1617570760954,6746,34.136574,15.550117,1.0,-2.0,-2.0,2.7287781,0.78012705
0,0,,0,1617570754208,1617570760963,6755,34.14389,15.553865,1.0,-2.0,-2.0,2.790148,0.7921641
0,0,,0,1617570754208,1617570760971,6763,34.152027,15.558202,1.0,-2.0,-2.0,2.877625,0.7926717
0,0,,0,1617570754208,1617570760979,6771,34.160393,15.562673,1.0,-2.0,-2.0,2.9219966,0.8235704
0,0,,0,1617570754208,1617570760988,6780,34.168,15.5668125,1.0,-2.0,-2.0,2.983479,0.8370385
0,0,,0,1617570754208,1617570761004,6796,34.18327,15.575295,1.0,-2.0,-2.0,3.0624824,0.89386684
0,0,,0,1617570754208,1617570761013,6805,34.19013,15.579078,1.0,-2.0,-2.0,3.0981,0.91936004
0,0,,0,1617570754208,1617570761030,6822,34.201176,15.585161,1.0,-2.0,-2.0,3.1554697,0.9604306
0,0,,0,1617570754208,1617570761038,6830,34.206135,15.5878935,1.0,-2.0,-2.0,3.1812196,0.97889763
0,0,,0,1617570754208,1617570761054,6846,34.213257,15.591817,1.0,-2.0,-2.0,3.2182333,1.0053511
0,0,,0,1617570754208,1617570761063,6855,34.217358,15.594107,1.0,-2.0,-2.0,3.2617943,1.0058472
0,0,,0,1617570754208,1617570761071,6863,34.2217,15.596572,1.0,-2.0,-2.0,3.2840984,1.0220912
0,0,,0,1617570754208,1617570761080,6872,34.22517,15.598542,1.0,-2.0,-2.0,3.3019693,1.0350623
0,0,,0,1617570754208,1617570761088,6880,34.228306,15.600325,1.0,-2.0,-2.0,3.3181129,1.046771
0,0,,0,1617570754208,1617570761105,6897,34.234547,15.602188,1.0,-2.0,-2.0,3.3286154,1.0818127
0,0,,0,1617570754208,1617570761114,6906,34.237564,15.603845,1.0,-2.0,-2.0,3.3395464,1.0475836
0,0,,0,1617570754208,1617570761122,6914,34.24086,15.605956,1.0,-2.0,-2.0,3.3374321,1.0542984
0,0,,0,1617570754208,1617570761130,6922,34.24337,15.608311,1.0,-2.0,-2.0,3.3476543,1.021377
0,0,,0,1617570754208,1617570761146,6938,34.248634,15.616553,1.0,-2.0,-2.0,3.347622,1.0214835
0,0,,0,1617570754208,1617570761155,6947,34.250504,15.619907,2.0,1.0,3.0,3.3391242,1.048928
0,0,,0,1617570754208,1617570761173,6965,34.251186,15.628421,2.0,1.0,3.0,3.3464046,1.0254645
0,0,,0,1617570754208,1617570761181,6973,34.25076,15.6334,2.0,1.0,3.0,3.3404472,0.98863536
0,0,,0,1617570754208,1617570761198,6990,34.250587,15.647076,2.0,1.0,3.0,3.3023157,0.9393828
0,0,,0,1617570754208,1617570761214,7006,34.246582,15.66832,2.0,1.0,3.0,3.155483,0.8005668
0,0,,0,1617570754208,1617570761231,7023,34.238567,15.697679,2.0,1.0,3.0,2.9555001,0.6591722
0,0,,0,1617570754208,1617570761240,7032,34.233562,15.7139845,2.0,1.0,3.0,2.8534317,0.61334395
0,0,,0,1617570754208,1617570761256,7048,34.22078,15.752862,2.0,1.0,3.0,2.5909426,0.46899152
0,0,,0,1617570754208,1617570761265,7057,34.213894,15.772847,2.0,1.0,3.0,2.4641223,0.42168278
0,0,,0,1617570754208,1617570761273,7065,34.205265,15.797159,2.0,1.0,3.0,2.292545,0.3228873
0,0,,0,1617570754208,1617570761283,7075,34.195965,15.822784,2.0,1.0,3.0,2.121921,0.24936092
0,0,,0,1617570754208,1617570761290,7082,34.18778,15.84719,2.0,1.0,3.0,1.9851764,0.16213226
0,0,,0,1617570754208,1617570761332,7124,34.144012,15.983361,2.0,1.0,3.0,1.1545503,-0.17936766
0,0,,0,1617570754208,1617570761342,7134,34.13143,16.017336,2.0,1.0,3.0,0.8927578,-0.23686975
0,0,,0,1617570754208,1617570761350,7142,34.1209,16.04445,2.0,1.0,3.0,0.7370141,-0.28721726
0,0,,0,1617570754208,1617570761359,7151,34.10917,16.074648,2.0,1.0,3.0,0.5677414,-0.35323405
0,0,,0,1617570754208,1617570761367,7159,34.099792,16.101486,2.0,1.0,3.0,0.41151753,-0.3740251
0,0,,0,1617570754208,1617570761383,7175,34.08047,16.156332,2.0,1.0,3.0,0.09416644,-0.48462075
0,0,,0,1617570754208,1617570761400,7192,34.064053,16.207945,2.0,1.0,3.0,-0.19627069,-0.5225386
0,0,,0,1617570754208,1617570761418,7210,34.049946,16.256807,2.0,1.0,3.0,-0.44995755,-0.5990447
0,0,,0,1617570754208,1617570761425,7217,34.043,16.27852,2.0,1.0,3.0,-0.59705985,-0.60311615
0,0,,0,1617570754208,1617570761443,7235,34.028522,16.319717,2.0,1.0,3.0,-0.8195096,-0.6643326
0,0,,0,1617570754208,1617570761450,7242,34.02297,16.338186,2.0,1.0,3.0,-0.91378665,-0.6584137
0,0,,0,1617570754208,1617570761467,7259,34.012733,16.374506,2.0,1.0,3.0,-1.0924865,-0.7128533
0,0,,0,1617570754208,1617570761484,7276,34.00466,16.407013,2.0,1.0,3.0,-1.2466434,-0.6972635
0,0,,0,1617570754208,1617570761493,7285,34.001415,16.420078,2.0,1.0,3.0,-1.3086317,-0.6909957
0,0,,0,1617570754208,1617570761500,7292,33.99848,16.4319,2.0,1.0,3.0,-1.3646915,-0.68532777
0,0,,0,1617570754208,1617570761517,7309,33.99315,16.45342,2.0,1.0,3.0,-1.466691,-0.67496145
0,0,,0,1617570754208,1617570761526,7318,33.99074,16.46309,2.0,1.0,3.0,-1.512561,-0.67033076
0,0,,0,1617570754208,1617570761534,7326,33.989048,16.469896,2.0,1.0,3.0,-1.5448548,-0.6670966
0,0,,0,1617570754208,1617570761542,7334,33.987083,16.477818,2.0,1.0,3.0,-1.5824598,-0.66329527
0,0,,0,1617570754208,1617570761551,7343,33.98551,16.484146,2.0,1.0,3.0,-1.6124696,-0.66029245
0,0,,0,1617570754208,1617570761560,7352,33.98392,16.49055,2.0,1.0,3.0,-1.6428031,-0.6571857
0,0,,0,1617570754208,1617570761568,7360,33.98265,16.495667,2.0,1.0,3.0,-1.6670812,-0.654737
0,0,,0,1617570754208,1617570761576,7368,33.981678,16.50105,2.0,1.0,3.0,-1.6670089,-0.6672542
0,0,,0,1617570754208,1617570761592,7384,33.981606,16.510174,2.0,1.0,3.0,-1.6952875,-0.65622944
0,0,,0,1617570754208,1617570761602,7394,33.980713,16.513992,2.0,1.0,3.0,-1.7124436,-0.6542333
0,0,,0,1617570754208,1617570761610,7402,33.98105,16.51774,2.0,1.0,3.0,-1.6989416,-0.66482574
0,0,,0,1617570754208,1617570761618,7410,33.982704,16.522404,2.0,1.0,3.0,-1.7019342,-0.6540299
0,0,,0,1617570754208,1617570761644,7436,33.993713,16.53799,2.0,1.0,3.0,-1.5573688,-0.68230116
0,0,,0,1617570754208,1617570761652,7444,33.999813,16.544065,2.0,1.0,3.0,-1.5114818,-0.6723899
0,0,,0,1617570754208,1617570761661,7453,34.00766,16.551311,2.0,1.0,3.0,-1.4095336,-0.68807864
0,0,,0,1617570754208,1617570761678,7470,34.025112,16.56593,2.0,1.0,3.0,-1.2405924,-0.6814858
0,0,,0,1617570754208,1617570761686,7478,34.035946,16.574375,2.0,1.0,3.0,-1.1692576,-0.65424025
0,0,,0,1617570754208,1617570761703,7495,34.062904,16.594435,2.0,1.0,3.0,-0.92710215,-0.6279626
0,0,,0,1617570754208,1617570761712,7504,34.079014,16.607347,2.0,1.0,3.0,-0.77174884,-0.65370786
0,0,,0,1617570754208,1617570761719,7511,34.094353,16.620123,2.0,1.0,3.0,-0.66823804,-0.6499698
0,0,,0,1617570754208,1617570761728,7520,34.113644,16.636364,2.0,1.0,3.0,-0.51462984,-0.61932755
0,0,,0,1617570754208,1617570761737,7529,34.135082,16.653542,2.0,1.0,3.0,-0.30019954,-0.61290646
0,0,,0,1617570754208,1617570761755,7547,34.179413,16.687365,2.0,1.0,3.0,0.04547769,-0.5320976
0,0,,0,1617570754208,1617570761763,7555,34.202034,16.70396,2.0,1.0,3.0,0.22238356,-0.49057582
0,0,,0,1617570754208,1617570761772,7564,34.231888,16.725454,2.0,1.0,3.0,0.42310965,-0.44823998
0,0,,0,1617570754208,1617570761781,7573,34.255962,16.743824,2.0,1.0,3.0,0.60590196,-0.39960426
0,0,,0,1617570754208,1617570761790,7582,34.282505,16.764795,2.0,1.0,3.0,0.7625787,-0.35174283
0,0,,0,1617570754208,1617570761798,7590,34.305542,16.783243,2.0,1.0,3.0,0.88878644,-0.27481
0,0,,0,1617570754208,1617570761806,7598,34.330772,16.803087,2.0,1.0,3.0,1.0252991,-0.1894772
0,0,,0,1617570754208,1617570761824,7616,34.37825,16.843937,2.0,1.0,3.0,1.3290707,-0.12812763
0,0,,0,1617570754208,1617570761832,7624,34.396854,16.859985,2.0,1.0,3.0,1.431748,-0.067548275
0,0,,0,1617570754208,1617570761841,7633,34.423195,16.882528,2.0,1.0,3.0,1.6079355,-0.034347445
0,0,,0,1617570754208,1617570761850,7642,34.443935,16.90116,2.0,1.0,3.0,1.7069875,0.008510649
0,0,,0,1617570754208,1617570761866,7658,34.486412,16.940292,2.0,1.0,3.0,2.0035179,0.107189864
0,0,,0,1617570754208,1617570761875,7667,34.507565,16.959402,2.0,1.0,3.0,2.0799959,0.16753802
0,0,,0,1617570754208,1617570761883,7675,34.526054,16.977102,2.0,1.0,3.0,2.19216,0.18670863
0,0,,0,1617570754208,1617570761892,7684,34.544548,16.996206,2.0,1.0,3.0,2.2866797,0.25084674
0,0,,0,1617570754208,1617570761900,7692,34.55954,17.010847,2.0,1.0,3.0,2.3692217,0.29873154
0,0,,0,1617570754208,1617570761909,7701,34.576626,17.028664,2.0,1.0,3.0,2.4220142,0.34514132
0,0,,0,1617570754208,1617570761917,7709,34.59318,17.04752,2.0,1.0,3.0,2.5177367,0.3597956
0,0,,0,1617570754208,1617570761926,7718,34.608246,17.064648,2.0,1.0,3.0,2.5696335,0.42669132
0,0,,0,1617570754208,1617570761942,7734,34.63313,17.095947,2.0,1.0,3.0,2.6485586,0.47013324
0,0,,0,1617570754208,1617570761951,7743,34.64567,17.113163,2.0,1.0,3.0,2.7110748,0.44249472
0,0,,0,1617570754208,1617570761959,7751,34.65533,17.127583,2.0,1.0,3.0,2.7363582,0.49636322
0,0,,0,1617570754208,1617570761968,7760,34.66658,17.146065,2.0,1.0,3.0,2.7840805,0.4602295
0,0,,0,1617570754208,1617570761977,7769,34.67885,17.167576,2.0,1.0,3.0,2.8064938,0.45259896
0,0,,0,1617570754208,1617570761984,7776,34.68725,17.183533,2.0,1.0,3.0,2.866311,0.4666295
0,0,,0,1617570754208,1617570761993,7785,34.69751,17.20427,2.0,1.0,3.0,2.878064,0.45218945
0,0,,0,1617570754208,1617570762002,7794,34.707123,17.223122,2.0,1.0,3.0,2.8744242,0.47658044
0,0,,0,1617570754208,1617570762010,7802,34.715073,17.242062,2.0,1.0,3.0,2.8871021,0.48096213
0,0,,0,1617570754208,1617570762018,7810,34.7252,17.2635,2.0,1.0,3.0,2.9310718,0.47868717
0,0,,0,1617570754208,1617570762027,7819,34.733593,17.285007,2.0,1.0,3.0,2.9386454,0.4871685
0,0,,0,1617570754208,1617570762035,7827,34.74179,17.304472,2.0,1.0,3.0,2.9387646,0.46447107
0,0,,0,1617570754208,1617570762043,7835,34.748672,17.323717,2.0,1.0,3.0,2.9169023,0.48131567
0,0,,0,1617570754208,1617570762052,7844,34.756702,17.346544,2.0,1.0,3.0,2.9427211,0.47441715
0,0,,0,1617570754208,1617570762061,7853,34.762787,17.366522,2.0,1.0,3.0,2.9023223,0.46180144
0,0,,0,1617570754208,1617570762069,7861,34.76908,17.386845,2.0,1.0,3.0,2.9240224,0.44626632
0,0,,0,1617570754208,1617570762077,7869,34.775734,17.410288,2.0,1.0,3.0,2.8617094,0.48347026
0,0,,0,1617570754208,1617570762103,7895,34.791313,17.477362,2.0,1.0,3.0,2.7606,0.44164613
0,0,,0,1617570754208,1617570762111,7903,34.79507,17.498241,2.0,1.0,3.0,2.7637277,0.41924953
0,0,,0,1617570754208,1617570762129,7921,34.803146,17.545662,2.0,1.0,3.0,2.6557071,0.37382212
0,0,,0,1617570754208,1617570762146,7938,34.80992,17.588741,2.0,1.0,3.0,2.6013737,0.3597941
0,0,,0,1617570754208,1617570762154,7946,34.813324,17.610537,2.0,0.0,-1.0,2.5872672,0.30855852
0,0,,0,1617570754208,1617570762163,7955,34.817497,17.638372,2.0,0.0,-1.0,2.5085473,0.2993335
0,0,,0,1617570754208,1617570762171,7963,34.82094,17.661081,2.0,0.0,-1.0,2.503382,0.27749276
0,0,,0,1617570754208,1617570762180,7972,34.82387,17.684155,2.0,0.0,-1.0,2.4423933,0.28689682
0,0,,0,1617570754208,1617570762205,7997,34.83331,17.759026,2.0,0.0,-1.0,2.2887177,0.19030505
0,0,,0,1617570754208,1617570762213,8005,34.836323,17.786676,2.0,0.0,-1.0,2.2290118,0.16086334
0,0,,0,1617570754208,1617570762222,8014,34.83943,17.815037,2.0,0.0,-1.0,2.1930509,0.11635995
0,0,,0,1617570754208,1617570762230,8022,34.841877,17.840145,2.0,0.0,-1.0,2.1095831,0.09782833
0,0,,0,1617570754208,1617570762239,8031,34.845116,17.869299,2.0,0.0,-1.0,2.071869,0.054472864
0,0,,0,1617570754208,1617570762247,8039,34.847004,17.891802,2.0,0.0,-1.0,1.9910433,0.10475159
0,0,,0,1617570754208,1617570762256,8048,34.8495,17.92105,2.0,0.0,-1.0,1.9747779,0.04287529
0,0,,0,1617570754208,1617570762263,8055,34.851833,17.947248,2.0,0.0,-1.0,1.8878777,0.025589883
0,0,,0,1617570754208,1617570762272,8064,34.854347,17.97722,2.0,0.0,-1.0,1.8428628,-0.019203007
0,0,,0,1617570754208,1617570762281,8073,34.856388,18.003946,2.0,0.0,-1.0,1.7253919,-0.020526528
0,0,,0,1617570754208,1617570762290,8082,34.858612,18.03432,2.0,0.0,-1.0,1.6770943,-0.06585902
0,0,,0,1617570754208,1617570762297,8089,34.860733,18.062065,2.0,0.0,-1.0,1.5833755,-0.08206713
0,0,,0,1617570754208,1617570762306,8098,34.862206,18.092611,2.0,0.0,-1.0,1.5295845,-0.12968934
0,0,,0,1617570754208,1617570762314,8106,34.86433,18.120073,2.0,0.0,-1.0,1.4355308,-0.14672041
0,0,,0,1617570754208,1617570762324,8116,34.86552,18.150331,2.0,0.0,-1.0,1.3936621,-0.16685557
0,0,,0,1617570754208,1617570762331,8123,34.8677,18.177792,2.0,0.0,-1.0,1.3394611,-0.17113489
0,0,,0,1617570754208,1617570762341,8133,34.86911,18.207394,2.0,0.0,-1.0,1.2351398,-0.18744594
0,0,,0,1617570754208,1617570762350,8142,34.871857,18.237064,2.0,0.0,-1.0,1.1647723,-0.21644634
0,0,,0,1617570754208,1617570762359,8151,34.874294,18.269583,2.0,0.0,-1.0,1.124648,-0.23014879
0,0,,0,1617570754208,1617570762368,8160,34.87693,18.295984,2.0,0.0,-1.0,1.0501233,-0.21810347
0,0,,0,1617570754208,1617570762384,8176,34.88126,18.34594,2.0,0.0,-1.0,0.9840122,-0.2500528
0,0,,0,1617570754208,1617570762393,8185,34.8841,18.375927,2.0,0.0,-1.0,0.860835,-0.24520808
0,0,,0,1617570754208,1617570762401,8193,34.886375,18.39903,2.0,0.0,-1.0,0.84655184,-0.2718826
0,0,,0,1617570754208,1617570762410,8202,34.8896,18.425385,2.0,0.0,-1.0,0.8033731,-0.2743739
0,0,,0,1617570754208,1617570762419,8211,34.89195,18.450342,2.0,0.0,-1.0,0.71845824,-0.2942704
0,0,,0,1617570754208,1617570762427,8219,34.894917,18.473295,2.0,0.0,-1.0,0.722953,-0.2895916
0,0,,0,1617570754208,1617570762436,8228,34.897614,18.498331,2.0,0.0,-1.0,0.64068407,-0.30799228
0,0,,0,1617570754208,1617570762445,8237,34.901222,18.520588,2.0,0.0,-1.0,0.6511574,-0.3026517
0,0,,0,1617570754208,1617570762453,8245,34.90425,18.542524,2.0,0.0,-1.0,0.58037233,-0.32395977
0,0,,0,1617570754208,1617570762469,8261,34.912548,18.587683,2.0,0.0,-1.0,0.5282269,-0.33413473
0,0,,0,1617570754208,1617570762479,8271,34.917538,18.611519,2.0,0.0,-1.0,0.54416996,-0.32223356
0,0,,0,1617570754208,1617570762487,8279,34.922047,18.631405,2.0,0.0,-1.0,0.52956855,-0.32948634
0,0,,0,1617570754208,1617570762496,8288,34.92795,18.654772,2.0,0.0,-1.0,0.48571014,-0.3114548
0,0,,0,1617570754208,1617570762504,8296,34.933544,18.674524,2.0,0.0,-1.0,0.532495,-0.3490692
0,0,,0,1617570754208,1617570762513,8305,34.94027,18.69758,2.0,0.0,-1.0,0.5231668,-0.34524482
0,0,,0,1617570754208,1617570762522,8314,34.949123,18.722645,2.0,0.0,-1.0,0.50721836,-0.2874316
0,0,,0,1617570754208,1617570762530,8322,34.954975,18.74154,2.0,0.0,-1.0,0.5046457,-0.29178625
0,0,,0,1617570754208,1617570762539,8331,34.960785,18.760708,2.0,0.0,-1.0,0.50067526,-0.29599017
0,0,,0,1617570754208,1617570762547,8339,34.96806,18.78104,2.0,0.0,-1.0,0.48818672,-0.24877524
0,0,,0,1617570754208,1617570762556,8348,34.97407,18.799416,2.0,0.0,-1.0,0.4886871,-0.2534118
0,0,,0,1617570754208,1617570762565,8357,34.979713,18.816399,2.0,0.0,-1.0,0.49022993,-0.26077974
0,0,,0,1617570754208,1617570762574,8366,34.98635,18.835129,2.0,0.0,-1.0,0.47866964,-0.21750134
0,0,,0,1617570754208,1617570762582,8374,34.9914,18.849957,2.0,0.0,-1.0,0.49566787,-0.20041615
0,0,,0,1617570754208,1617570762591,8383,34.99893,18.868671,2.0,0.0,-1.0,0.5322059,-0.21652079
0,0,,0,1617570754208,1617570762599,8391,35.00499,18.883827,2.0,0.0,-1.0,0.51483667,-0.20843506
0,0,,0,1617570754208,1617570762608,8400,35.0099,18.899466,2.0,0.0,-1.0,0.50175166,-0.17419526
0,0,,0,1617570754208,1617570762617,8409,35.015335,18.914045,2.0,0.0,-1.0,0.5214689,-0.15626141
0,0,,0,1617570754208,1617570762626,8418,35.021698,18.927933,2.0,0.0,-1.0,0.5499595,-0.13628387
0,0,,0,1617570754208,1617570762634,8426,35.026947,18.939249,2.0,0.0,-1.0,0.51107913,-0.119353205
0,0,,0,1617570754208,1617570762643,8435,35.03241,18.952364,2.0,0.0,-1.0,0.5639666,-0.119166434
0,0,,0,1617570754208,1617570762651,8443,35.03807,18.964703,2.0,0.0,-1.0,0.57955563,-0.13234857
0,0,,0,1617570754208,1617570762670,8462,35.049866,18.989962,2.0,0.0,-1.0,3.496165,-0.1637954
0,0,,0,1617570754208,1617570762687,8479,35.062447,19.011189,2.0,0.0,-1.0,3.4975061,-0.13210358
0,0,,0,1617570754208,1617570762695,8487,35.067497,19.020384,2.0,0.0,-1.0,3.4980025,-0.11823399
0,0,,0,1617570754208,1617570762703,8495,35.07153,19.027729,2.0,0.0,-1.0,3.4983606,-0.107108615
0,0,,0,1617570754208,1617570762713,8505,35.075607,19.035162,2.0,0.0,-1.0,3.4986887,-0.09580423
0,0,,0,1617570754208,1617570762721,8513,35.07887,19.041105,2.0,0.0,-1.0,3.4989252,-0.086732894
0,0,,0,1617570754208,1617570762730,8522,35.08217,19.047115,2.0,0.0,-1.0,3.4991412,-0.077534676
0,0,,0,1617570754208,1617570762738,8530,35.08472,19.053335,2.0,0.0,-1.0,3.4988775,-0.08862381
0,0,,0,1617570754208,1617570762747,8539,35.08674,19.059443,2.0,0.0,-1.0,3.4991043,-0.079178415
0,0,,0,1617570754208,1617570762756,8548,35.088352,19.064325,2.0,0.0,-1.0,3.499267,-0.07161546
0,0,,0,1617570754208,1617570762765,8557,35.08998,19.06926,2.0,0.0,-1.0,3.4994156,-0.06395878
0,0,,0,1617570754208,1617570762773,8565,35.091286,19.073206,2.0,0.0,-1.0,3.499522,-0.057827592
0,0,,0,1617570754208,1617570762782,8574,35.09274,19.077612,2.0,0.0,-1.0,3.499629,-0.050973307
0,0,,0,1617570754208,1617570762800,8592,35.094833,19.083954,2.0,0.0,-1.0,3.4997587,-0.041092005
0,0,,0,1617570754208,1617570762816,8608,35.096527,19.08908,2.0,0.0,-1.0,3.4998436,-0.033087537
0,0,,0,1617570754208,1617570762825,8617,35.097206,19.091139,2.0,0.0,-1.0,3.4998724,-0.029869877
0,0,,0,1617570754208,1617570762842,8634,35.098446,19.094887,2.0,0.0,-1.0,3.4999175,-0.02400778
0,0,,0,1617570754208,1617570762861,8653,35.0996,19.09839,2.0,0.0,-1.0,3.499951,-0.01852042
0,0,,0,1617570754208,1617570762869,8661,35.099987,19.099562,2.0,0.0,-1.0,3.49996,-0.016687246
0,0,,0,1617570754208,1617570762878,8670,35.10038,19.10075,2.0,0.0,-1.0,3.4999688,-0.014823181
0,0,,0,1617570754208,1617570762886,8678,35.100693,19.1017,2.0,0.0,-1.0,3.4999747,-0.013334423
0,0,,0,1617570754208,1617570762896,8688,35.10101,19.102661,2.0,0.0,-1.0,3.49998,-0.011825266
0,0,,0,1617570754208,1617570762904,8696,35.10126,19.10343,2.0,0.0,-1.0,3.4999838,-0.010620164
0,0,,0,1617570754208,1617570762913,8705,35.101517,19.104208,2.0,0.0,-1.0,3.4999874,-0.009399235
0,0,,0,1617570754208,1617570762921,8713,35.101727,19.104826,2.0,0.0,-1.0,3.4999895,-0.008427957
0,0,,0,1617570754208,1617570762937,8729,35.102077,19.105894,2.0,0.0,-1.0,3.4999938,-0.006751745
0,0,,0,1617570754208,1617570762946,8738,35.10227,19.10646,2.0,0.0,-1.0,3.499995,-0.0058620605
0,0,,0,1617570754208,1617570762955,8747,35.102398,19.106865,2.0,0.0,-1.0,3.4999962,-0.005224404
0,0,,0,1617570754208,1617570762964,8756,35.102535,19.107277,2.0,0.0,-1.0,3.4999971,-0.0045800833
